351,351,351,351,351,351,351,351,351,351,351,1094,1094,1094,1094,1094,1094,351,351,379,380,380,380,380,380,1094,1121,380,380,380,381,357,405,407,380,380,380,380,380,380,380,380,380,380,380,380,156,380,380,380,380,407,405,405,405,405,405,332,380,407,405,405,405,405,405,406,351,352,225,228,175,286,379,380,175,175,350,329,351,304,378,328,329,304,305,351,351,351,351,351,329,351,329,352,350,300,304,351,351,351,351,351,351,351,300,351,351,305,304,351,351,351,300,304,300,351,351,351,351,300
1094,1094,1094,1094,1094,1094,1094,351,351,351,351,1094,1094,1094,1094,1094,1094,351,351,379,380,380,380,380,1094,1094,1121,156,380,380,382,381,351,379,380,380,380,380,380,156,380,380,380,380,380,156,380,380,380,156,381,406,351,351,351,351,351,404,405,406,351,351,354,355,356,351,351,352,225,177,203,311,379,380,175,175,375,376,376,403,351,351,351,300,351,351,351,329,304,351,353,376,376,377,375,376,376,376,376,376,376,376,376,376,376,376,376,376,403,351,351,351,351,351,351,351,351,351,351,351
1094,1094,1094,1094,1094,1094,1094,1094,1094,1094,1094,1094,1094,1094,1094,1094,1094,1094,1094,1094,1094,1094,1094,1094,1094,1092,1120,380,380,380,380,382,355,332,380,380,380,380,380,380,380,380,380,380,380,357,405,407,380,380,381,304,351,351,351,351,351,351,351,351,351,351,379,380,381,351,353,377,225,176,228,350,379,380,327,175,175,175,175,375,376,403,351,351,351,351,351,351,351,300,352,175,175,175,175,175,175,175,175,175,175,175,175,175,175,175,175,175,375,376,403,351,351,351,351,300,351,351,351,351
1094,1094,1094,1094,1094,1094,1094,1094,1094,1094,1094,1094,1094,1094,1094,1094,1094,1094,1094,1094,1094,1094,1094,1094,1092,1120,380,357,405,407,380,380,380,380,156,380,380,156,380,380,380,380,156,380,380,381,351,379,380,380,381,351,351,351,351,351,304,351,300,351,304,351,404,405,406,351,352,200,202,178,253,350,379,380,352,175,175,175,175,175,175,375,376,403,351,351,351,351,353,376,377,175,175,175,175,175,175,175,175,175,175,175,175,175,175,175,175,175,175,175,375,376,403,351,351,351,304,351,351,351
1094,1094,1094,1094,1094,1094,1094,1094,1094,1094,1094,1094,1094,1094,1094,1094,1094,1094,1094,1094,1094,1094,1094,1092,1120,156,380,381,351,379,380,380,380,380,380,380,380,380,380,380,380,380,380,380,380,382,355,332,156,380,381,351,351,351,351,351,351,351,351,304,305,351,351,351,351,351,352,225,176,228,325,328,404,405,407,175,175,175,175,175,175,175,175,375,329,351,351,353,377,175,175,175,175,175,175,175,175,175,175,175,175,175,175,175,175,175,175,175,175,175,175,175,350,351,351,353,376,376,376,376
1119,1095,1093,1094,1094,1094,1094,1094,1094,1094,1094,1094,1094,1094,1094,1094,1094,1094,1094,1094,1094,1094,1092,1120,380,380,380,382,355,332,380,380,357,405,405,276,277,278,376,376,376,376,376,376,376,405,332,380,380,380,381,351,351,354,355,356,351,351,351,351,304,351,351,351,351,351,352,250,252,228,350,351,351,351,404,407,326,327,175,175,492,325,326,327,350,351,300,378,326,326,327,325,379,380,380,380,380,380,380,380,380,380,380,380,380,380,380,380,382,355,327,261,304,351,351,378,354,355,355,327
405,405,407,1095,1093,1094,1094,1094,1094,1094,1094,1094,1094,1094,1094,1094,1094,1094,1094,1094,1094,1092,1120,380,380,156,380,380,380,380,380,357,406,353,377,175,175,175,175,175,175,175,175,175,151,375,404,405,332,380,382,356,351,379,380,381,351,351,351,351,351,351,351,351,351,351,352,175,225,228,350,351,351,351,304,404,332,380,380,327,517,350,351,378,328,305,304,351,329,351,352,354,357,380,380,380,380,380,380,380,380,380,156,380,380,156,380,380,380,380,352,286,354,355,356,304,379,380,380,380
351,300,404,407,1095,1093,1094,1094,1094,1094,1094,1094,1094,1094,1094,1094,1094,1094,1094,1094,1094,1092,380,357,405,407,380,380,380,156,380,381,351,281,175,400,325,326,326,326,326,326,326,327,401,175,261,351,379,156,357,406,351,404,405,406,304,300,351,351,351,304,351,351,351,351,352,175,225,228,375,403,351,304,351,305,404,407,380,380,380,350,351,351,304,300,351,329,351,353,377,357,380,380,380,380,380,380,380,380,380,380,380,380,380,380,380,380,380,380,380,311,379,380,382,356,379,380,380,380
355,355,356,404,407,1095,1119,1119,1119,1119,1119,1119,1119,1119,1119,1119,1119,1119,1119,1119,1119,1120,380,381,351,379,380,380,380,380,380,381,351,306,150,325,328,354,355,355,355,355,356,378,327,150,286,351,404,405,406,351,351,351,351,351,351,351,351,351,351,351,351,351,351,351,352,175,225,228,175,350,351,351,351,304,305,404,407,380,380,375,376,376,276,277,278,376,376,377,150,380,380,380,380,380,380,380,380,380,407,405,405,405,405,405,407,380,380,380,380,350,404,405,407,381,404,332,380,380
380,380,382,356,404,407,156,380,380,380,380,380,156,380,380,380,380,380,380,380,380,380,380,382,355,332,380,380,380,380,380,381,351,331,175,350,351,379,156,380,380,380,381,305,352,175,311,351,351,351,351,351,351,351,351,351,351,351,351,351,351,351,351,351,351,353,377,175,225,228,151,375,376,403,351,304,351,304,404,407,380,175,175,175,325,326,326,326,327,175,151,380,380,407,405,353,376,376,376,376,376,376,376,403,351,329,404,332,380,380,352,375,376,403,404,406,304,404,405,405
175,175,175,350,356,404,405,405,407,156,380,380,380,380,380,380,156,380,380,380,380,380,380,156,380,380,380,380,380,156,357,406,351,352,175,350,304,379,380,380,380,156,381,304,352,175,350,351,351,351,351,351,351,351,351,351,351,300,351,351,351,353,376,376,376,377,200,201,202,228,175,175,175,375,403,351,351,351,351,379,380,175,175,175,375,376,376,376,377,150,175,380,380,381,376,377,175,175,175,175,175,175,326,328,351,351,351,379,380,156,381,175,175,375,403,351,351,351,351,378
326,327,175,380,382,356,351,300,404,405,405,405,405,405,405,405,405,405,405,405,405,405,405,405,405,405,405,405,405,405,406,351,351,352,151,375,403,404,405,405,405,405,406,353,377,151,350,351,351,351,351,304,351,351,351,351,351,351,351,304,351,378,327,275,175,175,225,226,176,177,179,180,205,203,350,300,351,351,351,379,380,381,378,326,326,326,326,326,327,255,175,332,380,198,175,175,175,175,175,175,175,175,351,351,351,351,300,404,407,380,382,355,175,175,375,376,403,351,351,351
351,378,327,380,380,381,351,351,351,351,353,403,351,351,351,304,351,351,351,351,300,351,304,305,304,351,351,351,351,351,351,304,351,378,327,256,375,376,276,277,277,278,376,377,150,175,375,276,277,278,403,351,351,351,351,304,351,304,351,351,351,351,352,175,200,201,202,227,176,176,589,227,182,228,375,376,376,403,351,379,380,381,351,351,351,351,1229,1229,377,175,175,198,198,199,175,175,175,175,175,175,175,325,351,353,376,403,329,351,379,156,380,380,327,175,175,175,375,403,351,351
351,351,352,380,380,381,351,351,351,351,378,328,351,351,351,351,351,351,351,351,351,351,351,304,351,351,329,351,351,351,351,351,351,351,378,327,175,150,401,175,275,275,175,275,325,327,150,175,275,275,375,376,403,351,351,305,351,351,351,351,300,351,377,175,225,488,227,227,227,227,176,231,589,177,201,201,203,375,403,404,405,406,351,351,351,351,1229,1229,175,175,175,223,223,224,175,271,271,271,271,271,271,350,351,352,175,350,351,329,379,380,380,380,378,327,175,175,175,350,329,304
355,356,352,1096,380,406,351,351,351,304,351,351,351,329,351,351,351,351,351,351,351,351,351,351,351,351,351,351,351,351,351,351,351,351,353,377,275,325,326,326,326,301,302,303,328,378,326,326,326,327,175,400,375,276,277,278,403,304,351,353,376,377,150,200,202,176,227,226,176,226,176,227,176,226,227,207,177,203,375,403,300,351,351,378,351,351,327,175,175,175,175,271,271,271,175,271,271,271,271,271,271,271,351,352,255,375,376,403,404,380,380,380,380,380,327,175,175,350,351,329
380,381,378,327,375,403,351,351,351,351,351,300,351,351,353,403,351,351,351,351,351,351,351,351,351,300,304,351,300,351,351,351,351,353,377,175,175,350,351,351,304,351,351,351,351,351,351,351,351,378,327,275,175,275,175,275,375,376,376,377,175,175,200,202,176,226,176,176,227,176,207,176,227,176,227,227,227,228,150,375,403,351,351,351,351,351,378,326,273,1094,1094,271,271,271,175,271,271,226,226,226,271,271,351,352,175,175,400,350,351,404,332,380,380,380,380,326,327,375,376,376
156,381,351,352,151,350,351,351,351,351,351,351,304,351,378,328,351,351,351,351,351,351,351,304,300,353,376,376,376,376,276,277,278,377,175,175,175,375,277,278,376,376,276,277,278,403,351,300,351,351,378,326,327,175,275,175,275,275,150,200,201,201,202,207,227,227,227,227,176,227,227,226,227,227,227,226,181,177,201,203,375,276,277,278,376,376,376,376,376,999,999,351,302,375,200,202,614,463,226,177,203,376,376,377,175,175,175,375,403,351,404,405,380,380,380,380,380,150,151,175
405,406,304,378,326,328,351,351,351,351,351,304,305,304,351,351,304,351,351,351,351,351,351,351,353,377,175,200,201,201,201,201,201,201,201,201,201,201,201,201,201,201,203,150,175,375,403,351,351,351,351,351,378,326,326,326,326,326,327,250,252,181,226,176,227,227,227,176,226,176,227,227,560,227,227,227,227,231,227,177,201,179,180,205,201,201,179,180,205,201,201,203,302,256,225,610,226,227,227,207,177,201,201,203,175,175,175,150,350,329,351,351,380,380,380,380,380,175,175,150
351,351,351,351,351,353,376,376,403,351,351,351,304,305,351,351,351,351,351,351,351,351,351,353,377,200,201,202,1244,1244,1244,1244,1244,1637,1638,1639,1244,1244,1244,1244,1245,226,177,201,203,400,375,403,351,304,351,351,351,351,351,351,351,351,352,175,250,251,252,513,176,227,226,176,176,227,227,227,226,227,227,226,227,226,178,251,251,252,176,176,176,513,176,589,227,227,178,253,175,200,202,231,226,227,226,227,488,207,226,177,203,175,175,175,350,304,354,355,380,380,380,380,380,175,175,175
351,304,351,351,351,378,326,327,375,403,351,304,305,351,351,351,353,403,351,351,329,351,351,352,200,202,1243,1244,1268,1269,1269,1269,1269,1662,1663,1664,1269,1269,1269,1269,1270,1245,589,513,177,201,203,375,403,351,351,351,300,300,351,329,351,351,378,327,401,175,250,251,182,176,176,226,176,176,227,182,206,178,251,251,229,204,253,175,175,250,251,252,176,178,251,251,251,251,253,150,175,250,252,463,226,227,227,226,227,226,227,206,228,175,175,151,375,403,379,380,380,380,380,380,380,175,175,175
351,305,351,351,351,351,351,378,327,350,351,351,304,351,351,351,378,328,351,351,351,351,304,352,225,1243,1268,1269,1266,1299,1323,1229,1229,1662,1663,1664,1274,1718,1324,1299,1267,1270,1244,1244,1245,176,177,203,375,376,403,351,304,351,304,351,351,351,351,378,327,175,275,175,250,251,251,251,252,226,178,229,204,253,175,175,150,175,400,175,175,150,175,225,176,228,175,401,175,275,275,275,175,256,225,488,463,226,227,227,226,227,231,488,228,175,175,175,400,350,379,380,380,381,379,380,380,327,175,175
304,351,351,351,351,351,351,351,352,350,351,351,351,351,351,329,300,351,351,351,353,376,376,377,225,1268,1266,1273,1229,1229,1229,1718,1274,1662,1663,1664,1274,1322,1229,1229,1299,1267,1269,1269,1270,1245,176,177,203,175,375,403,351,351,351,351,351,351,353,403,378,327,175,401,175,150,275,175,250,251,253,175,325,327,175,151,175,175,275,175,275,175,200,202,176,177,203,175,150,175,325,326,327,256,250,251,251,251,251,251,251,251,251,251,253,175,175,175,175,350,404,405,405,406,404,405,405,378,326,326
351,351,351,351,351,351,351,351,352,350,351,351,351,351,351,300,351,351,300,353,377,150,175,200,202,1229,1299,1271,1274,1271,1322,1229,1229,1662,1663,1664,1229,1274,1274,1274,1229,1249,1229,1274,1267,1270,1245,207,177,203,400,375,403,351,351,304,304,351,378,328,351,378,327,175,175,175,175,401,175,275,175,275,375,377,175,275,275,275,175,175,200,201,202,610,227,181,228,175,175,401,375,376,377,256,256,256,256,256,256,256,256,256,256,256,256,256,256,256,256,375,376,376,376,376,376,403,351,351,351,351
351,351,351,351,351,353,376,403,352,350,300,351,351,304,351,351,351,351,353,377,401,175,175,225,585,1229,1246,1322,1271,1271,1229,1249,1274,1662,1663,1664,1229,1324,1229,1249,1229,1274,1229,1229,1229,1267,1270,1245,176,228,175,175,375,403,351,305,351,351,300,351,351,351,281,175,175,150,175,275,275,175,275,275,175,150,175,175,275,175,200,203,225,227,226,227,207,226,177,201,179,180,180,205,201,201,201,179,180,205,203,401,175,275,175,151,175,175,175,400,256,175,175,150,175,151,175,375,376,376,376,376
355,356,351,351,353,377,325,328,352,375,403,351,351,351,351,351,351,353,377,400,175,175,200,202,1243,1241,1246,1274,1274,1274,1274,1718,1229,1662,1663,1664,1229,1274,1323,1229,1229,1274,1324,1274,1229,1299,1267,1270,513,177,203,175,175,375,403,351,304,351,351,353,403,351,306,400,175,175,175,151,175,275,175,275,175,150,175,150,175,275,225,177,202,513,227,227,227,231,178,229,204,251,251,251,229,204,252,227,178,252,177,201,201,179,205,203,175,150,175,175,401,175,175,200,201,201,201,201,203,401,200,201
380,381,351,351,378,327,350,351,352,175,375,403,351,351,351,351,351,352,401,275,175,200,202,1243,1268,1266,1229,1274,1229,1229,1324,1229,1229,1687,1688,1689,1229,1229,1229,1229,1274,1229,1229,1274,1272,1274,1274,1229,226,176,228,175,401,175,375,376,403,351,351,378,328,351,331,401,175,175,275,175,275,175,175,401,325,326,326,327,275,175,250,251,229,204,252,206,226,227,228,400,175,175,151,175,275,175,225,207,228,250,251,229,204,251,252,177,201,201,179,205,201,201,201,202,176,488,176,207,177,201,202,176
405,406,351,351,351,254,328,353,377,175,325,328,351,351,351,351,353,377,275,175,175,225,1243,1268,1266,1322,1274,1274,1274,1274,1229,1229,1229,1716,1717,1716,1229,1718,1229,1229,1274,1274,1274,1229,1229,1229,1274,1229,176,178,253,175,175,275,175,150,350,351,300,351,351,353,377,175,175,275,275,175,275,175,175,325,328,351,351,378,327,175,175,400,175,175,250,251,229,204,253,150,175,150,175,275,175,275,225,178,253,175,401,175,275,401,250,229,230,204,251,251,251,252,176,178,251,251,251,251,252,176,178,251
276,277,278,376,376,999,376,377,401,325,328,351,353,403,351,329,352,401,175,200,201,202,1268,1266,1274,1229,1229,1324,1229,1229,1229,1274,1229,1274,1274,1274,1229,1229,1229,1229,1274,1274,1274,1274,1229,1273,1274,1229,560,228,175,151,175,175,175,175,375,300,351,300,351,352,175,325,327,175,175,175,150,325,326,328,351,351,300,304,352,175,175,325,327,150,175,275,275,175,175,275,275,275,175,275,175,200,202,228,401,175,175,401,175,175,175,175,175,175,175,175,175,250,251,253,175,150,175,150,250,251,253,175
175,175,175,401,201,201,201,203,175,350,351,304,378,254,403,353,377,175,175,225,176,207,1229,1249,1229,1229,1229,1274,1229,1274,1229,1274,1274,1229,1229,1324,1228,1255,1255,1253,1324,1229,1229,1274,1274,1274,1229,1229,589,177,203,175,175,150,175,175,175,375,403,351,351,378,327,375,377,175,275,275,325,328,351,351,351,351,351,351,378,327,401,375,377,175,275,175,150,175,151,175,175,175,200,201,201,202,181,177,203,175,325,326,326,326,326,326,326,326,256,325,301,302,326,326,326,326,326,326,326,326,326,326
150,175,175,150,537,288,289,228,175,375,376,403,304,352,350,378,326,327,175,250,182,176,1229,1229,1229,1274,1229,1274,1229,1229,1229,1229,1229,1229,1324,1228,1277,1280,1302,1227,1253,1231,1229,1274,1274,1229,1229,1229,176,181,228,175,275,175,175,175,151,325,328,351,304,351,352,151,175,175,175,325,328,351,351,351,300,304,351,351,351,378,326,326,326,327,175,275,175,150,175,275,175,200,202,178,229,230,204,251,253,325,328,354,355,355,351,175,175,175,326,301,351,351,354,355,356,351,351,304,354,355,355,356
175,325,326,326,312,338,339,312,326,326,327,375,376,377,375,376,351,352,175,175,225,226,1229,1322,1229,1229,1272,1271,1274,1229,1273,1229,1274,1229,1254,1280,1227,1280,1302,1302,1280,1256,1229,1229,1229,1229,1229,1229,614,176,228,150,175,175,175,150,175,350,351,351,351,351,281,275,275,175,401,350,329,351,351,351,351,305,300,351,351,351,351,351,351,378,326,326,327,175,175,275,200,202,178,253,175,275,175,325,327,350,351,379,156,380,380,403,351,351,304,351,351,354,332,380,381,351,351,351,379,156,380,381
175,350,351,351,337,339,338,337,351,351,378,326,327,175,325,327,350,378,327,175,225,206,1229,1229,1249,1229,1246,1271,1229,1274,1274,1274,1186,1187,1188,1303,1280,1280,1302,1302,1280,1324,1274,1248,1229,1299,1229,1242,1244,1245,177,201,203,275,275,175,325,328,351,353,403,351,306,275,175,275,325,328,351,351,351,304,351,351,304,305,304,351,351,351,351,351,351,351,352,275,275,175,225,181,228,175,254,175,401,350,378,328,351,379,380,380,175,350,351,351,351,351,351,379,380,407,406,351,351,351,404,405,405,406
175,350,351,351,312,338,339,312,353,403,351,351,352,325,328,352,328,351,352,175,250,252,1229,1274,1274,1229,1323,1229,1274,1229,1229,1229,1211,1212,1213,1322,1303,1280,1227,1302,1280,1256,1229,1229,1229,1229,1229,1267,1269,1270,1245,176,228,401,175,175,350,304,351,378,328,351,331,175,175,175,350,351,351,351,351,304,351,300,351,351,351,353,403,351,351,351,351,351,352,175,175,175,225,178,253,175,175,151,175,375,403,351,300,404,407,380,326,328,351,351,351,351,351,353,376,376,376,376,376,376,376,403,351,353
175,350,353,252,313,314,314,314,228,350,379,351,352,350,351,352,350,351,352,401,175,250,252,1229,1229,1229,1229,1249,1229,1229,1324,1322,1248,1237,1238,1239,1254,1280,1277,1302,1280,1281,1324,1274,1274,1324,1229,1229,1229,1267,1270,1245,177,203,175,401,350,351,351,351,351,351,352,400,175,175,350,300,351,351,300,351,305,351,351,300,351,378,328,353,376,403,300,353,377,150,175,200,202,228,275,325,326,327,200,203,375,276,278,403,404,405,405,999,999,156,380,351,351,352,401,175,150,175,175,401,175,350,351,378
175,380,352,225,670,512,562,565,228,350,379,355,380,350,351,352,350,351,378,327,175,150,250,252,1229,1229,1229,1229,1229,1247,1229,1229,1229,1322,1263,1264,1228,1302,1302,1280,1227,1256,1229,1274,1274,1229,1229,1274,1299,1299,1267,1270,207,177,203,325,328,351,351,351,300,353,377,175,175,175,375,403,353,403,351,351,304,351,351,351,351,351,353,377,401,375,376,377,275,175,275,250,252,177,203,375,376,377,250,253,325,326,326,328,351,300,351,998,998,405,405,405,406,352,200,179,180,205,179,205,203,375,403,351
327,380,352,250,229,230,204,251,253,350,379,380,380,375,376,377,350,351,351,378,327,175,175,250,252,1229,1299,1229,1229,1229,1229,1229,1274,1229,1248,1228,1280,1277,1280,1252,1280,1281,1274,1274,1274,1229,1322,1274,1229,1229,1247,1229,176,488,228,350,351,351,351,351,351,352,401,175,150,175,401,350,378,328,351,351,351,351,351,351,300,353,377,175,325,327,175,151,275,175,150,175,250,252,228,325,326,301,302,303,328,353,276,277,277,277,278,376,276,277,278,376,376,377,225,176,207,176,513,176,177,203,375,376
352,305,378,327,175,175,175,400,175,350,379,156,380,326,326,326,328,351,300,351,352,175,151,175,225,176,1229,1229,1249,1229,1322,1229,1229,1229,1254,1280,1227,1280,1302,1278,1305,1324,1274,1274,1229,1274,1274,1274,1249,1229,1229,1229,178,251,253,350,351,351,351,351,351,352,400,175,175,151,275,350,351,300,353,376,276,277,278,376,376,377,275,175,375,377,275,175,175,275,175,275,275,225,228,350,351,304,305,351,351,352,200,179,205,201,179,205,179,180,205,201,201,201,202,176,564,176,176,610,176,177,201,201
352,356,304,378,326,326,326,326,326,328,379,380,381,351,351,351,351,300,351,351,378,327,175,175,250,251,252,488,1229,1229,1229,1229,1249,1229,1229,1305,1305,1274,1305,1273,1274,1274,1229,1229,1229,1274,1229,1229,1229,1229,1274,1229,228,400,325,328,351,351,351,351,300,352,175,175,275,175,175,375,376,376,377,275,175,175,275,175,175,275,175,275,175,275,200,201,201,201,203,275,200,202,228,375,376,276,278,376,376,377,225,463,227,585,1243,1244,1244,1244,1244,1244,1244,1244,1244,1244,1244,1244,1244,1244,1244,1244,1244,1244
352,381,353,403,304,351,351,351,351,304,379,380,382,355,355,355,356,351,300,351,300,378,327,175,175,401,250,251,252,176,1229,1229,1229,1229,1274,1229,1229,1229,1229,1229,1229,1229,1274,1249,1274,1274,1229,1229,1323,1229,1229,1229,228,325,328,351,304,300,351,351,351,378,327,175,275,175,325,327,175,175,401,150,275,151,175,175,150,175,175,401,175,200,202,488,176,181,177,201,202,226,177,201,201,179,180,205,201,201,202,227,564,1243,1268,1269,1269,1269,1269,1269,1269,1269,1269,1269,1269,1269,1269,1269,1269,1269,1269,1269
378,406,378,328,351,351,304,351,351,351,404,407,380,380,380,380,381,351,351,304,351,351,378,327,325,327,400,401,250,252,207,1229,1274,1229,1229,1323,1324,1229,1229,1229,1229,1229,1274,1274,1274,1229,1248,1229,1229,1229,1229,178,253,350,351,351,351,351,351,351,351,351,352,275,175,175,375,377,275,175,275,175,175,175,275,175,275,175,275,175,275,225,226,176,176,176,226,176,176,226,207,181,178,589,227,227,226,589,564,1243,1244,1268,1266,1299,1246,1323,1246,1246,1324,1246,1229,1229,1323,1229,1249,1229,1229,1229,1229,1322
351,351,353,403,351,353,403,351,351,351,351,404,407,380,156,357,406,351,351,351,329,351,351,378,328,378,326,326,327,250,252,176,176,610,176,1229,1229,1229,1229,1229,1299,1229,1229,1229,1299,1229,1229,1229,1229,1229,176,228,325,328,351,351,329,304,351,351,353,403,281,175,401,175,175,275,175,175,275,175,275,275,275,175,275,175,175,275,175,225,176,206,226,564,176,176,176,226,227,585,1243,1244,1244,1244,1244,1244,1244,1268,1269,1266,1299,1249,1246,1246,1246,1273,1246,1246,1322,1229,1229,1273,1229,1229,1249,1272,1229,1229
351,351,378,328,351,378,328,351,351,351,351,351,404,405,405,406,304,351,351,351,351,351,351,351,351,351,300,351,352,175,250,251,252,463,226,176,176,463,176,206,178,252,564,176,176,610,176,226,513,178,251,253,328,351,351,304,300,351,351,351,378,328,306,175,275,175,275,175,175,150,175,275,175,275,175,150,175,175,200,179,205,202,1243,1244,1244,1244,1244,1244,1244,1244,1244,1244,1268,1269,1269,1269,1269,1269,1269,1266,1248,1246,1246,1246,1246,1246,1247,1246,1246,1249,1229,1229,1249,1229,1229,1229,1322,1229,1249,1229
351,351,304,351,353,376,376,403,351,351,351,351,351,351,351,351,351,351,351,351,351,351,351,351,351,351,351,351,378,327,175,175,250,251,229,230,204,251,251,251,253,250,251,229,230,204,251,251,251,253,325,328,351,351,351,351,351,351,304,351,300,351,331,275,175,275,275,275,175,275,175,175,175,275,175,275,175,200,202,513,585,1243,1268,1269,1269,1269,1269,1269,1269,1269,1269,1269,1266,1299,1299,1246,1246,1323,1246,1246,1246,1246,1324,1323,1229,1230,1230,1230,1230,1230,1229,1228,1253,1229,1229,1229,1229,1229,1229,1229
353,304,403,300,378,326,326,254,403,351,351,351,351,351,351,351,351,351,351,351,351,351,351,351,351,351,351,351,351,300,326,326,326,326,301,302,303,326,326,326,326,326,326,301,302,303,326,326,326,326,328,351,351,351,351,351,353,403,300,304,351,351,352,175,275,401,256,401,175,275,175,150,175,150,151,401,200,202,488,589,1243,1268,1266,1324,1246,1246,1246,1248,1246,1246,1246,1249,1246,1246,1249,1246,1322,1246,1246,1246,1249,1246,1246,1229,1228,1255,1255,1255,1255,1255,1255,1280,1280,1255,1255,1255,1255,1255,1255,1255
378,327,375,403,351,351,351,352,375,381,304,351,305,304,353,403,351,351,351,351,300,351,304,351,351,351,351,351,351,351,351,300,351,300,351,351,351,351,351,351,351,300,351,351,300,351,351,329,351,351,351,351,351,351,351,353,377,375,403,353,376,376,377,175,175,175,151,175,175,175,275,175,275,175,175,200,202,226,564,1243,1268,1266,1247,1246,1324,1323,1246,1246,1324,1273,1246,1246,1323,1246,1246,1246,1273,1246,1324,1246,1229,1230,1230,1228,1252,1302,1280,1280,1277,1280,1227,1280,1280,1280,1280,1280,1280,1277,1280,1252
351,378,327,375,403,300,351,378,327,381,351,353,403,351,378,328,351,300,351,351,351,351,351,351,351,300,351,304,351,351,351,353,403,351,351,351,351,351,300,351,351,304,305,351,351,351,351,351,351,304,351,351,351,351,351,378,327,150,375,377,401,175,275,175,275,275,175,175,150,175,275,175,175,401,200,202,463,589,1243,1268,1266,1246,1246,1322,1246,1246,1246,1246,1246,1246,1249,1246,1246,1246,1324,1229,1230,1230,1230,1230,1228,1255,1255,1227,1280,1277,1302,1280,1280,1280,1280,1280,1277,1280,1280,1227,1280,1280,1280,1280
351,351,378,327,350,351,304,351,352,381,351,378,328,351,351,351,351,351,351,300,351,351,351,304,351,351,351,351,351,351,351,378,328,351,351,304,351,351,351,351,351,351,351,351,351,351,353,376,403,351,351,351,351,300,351,351,352,175,275,400,175,275,175,275,175,275,175,175,275,275,275,175,175,175,225,513,226,1243,1268,1266,1299,1249,1324,1246,1249,1246,1247,1246,1324,1322,1246,1246,1229,1230,1230,1228,1255,1255,1255,1255,1227,1302,1280,1252,1280,1280,1278,1305,1305,1305,1305,1305,1305,1305,1303,1278,1305,1305,1305,1305
329,351,351,352,380,351,300,304,352,381,351,351,351,329,351,300,351,304,300,351,353,376,403,351,304,351,351,351,351,304,351,353,376,403,351,300,351,351,329,351,300,351,351,351,351,353,377,175,375,376,403,351,353,403,351,351,378,327,175,275,175,275,175,150,175,275,175,401,275,175,275,175,401,175,250,252,226,1268,1266,1246,1324,1246,1246,1246,1246,1246,1229,1246,1246,1246,1249,1229,1228,1255,1255,1252,1280,1280,1227,1280,1277,1280,1280,1280,1280,1278,1324,1246,1247,1246,1249,1229,1323,1229,1229,1229,1323,1229,1249,1229
351,351,351,352,380,351,304,351,352,381,351,351,351,351,351,304,351,351,304,353,377,401,375,403,351,351,351,300,351,351,351,352,175,375,376,376,403,351,351,351,351,351,353,403,353,377,175,175,175,175,350,351,378,328,304,351,353,377,175,175,151,275,175,175,175,175,275,175,275,175,150,151,175,275,175,225,585,1246,1248,1246,1246,1246,1323,1246,178,251,251,252,1246,1246,1246,1254,1280,1280,1280,1280,1302,1280,1280,1302,1280,1278,1305,1305,1305,1306,1246,1246,1246,1246,1229,1229,1249,1229,1322,1229,1229,1272,1229,1229
304,351,351,352,380,351,351,300,352,406,351,351,351,351,351,305,304,351,353,377,150,150,175,350,351,351,329,351,351,351,351,378,327,175,175,175,350,351,351,351,304,351,378,328,352,175,175,325,326,326,328,351,351,351,351,351,352,275,175,175,275,275,175,200,201,201,201,201,201,201,179,180,180,205,201,202,589,1274,1274,1274,1274,1274,1274,178,253,175,150,250,252,1246,1246,1279,1280,1302,1280,1280,1280,1252,1280,1280,1280,1256,1248,1323,1299,1299,178,251,176,251,251,251,251,251,251,251,251,251,251,251
351,304,351,352,150,403,351,351,378,328,351,304,351,351,351,351,304,300,378,327,175,175,325,328,351,351,304,351,351,351,351,300,378,327,175,325,328,351,351,351,329,351,351,351,352,175,325,328,351,351,351,351,351,351,351,351,378,327,175,175,200,201,201,202,176,488,226,564,589,226,488,226,564,589,226,226,1243,1241,1246,1246,1246,1249,1246,177,203,150,151,200,202,1246,1323,1304,1303,1280,1227,1280,1278,1305,1305,1305,1305,1306,1246,1246,589,178,253,325,327,175,325,326,326,326,326,327,150,175,175,175
351,351,351,352,175,380,351,351,353,300,376,376,403,351,351,351,351,351,351,378,326,326,328,351,351,351,351,351,351,351,304,351,351,378,326,328,351,351,351,351,351,351,351,351,378,326,328,351,351,353,376,276,277,278,376,376,376,377,200,201,202,207,1243,1244,1244,1244,1244,1244,1244,1244,1244,1244,1244,1244,1244,1244,1268,1266,1246,1273,1246,1246,1229,589,177,201,201,202,560,1246,1249,1246,1324,1305,1305,1305,1306,1324,1323,1246,1246,178,251,251,251,253,325,328,378,327,350,379,380,381,351,352,401,175,175,175
304,300,353,377,151,380,381,351,352,175,175,175,350,351,351,351,351,351,300,351,351,351,351,351,351,351,351,351,300,351,351,351,351,300,351,351,329,351,351,300,351,351,351,351,300,351,351,353,376,377,175,175,175,175,175,175,200,201,202,176,1243,1244,1268,1269,1269,1269,1269,1269,1269,1269,1269,1269,1269,1269,1269,1269,1266,1246,1246,1246,1246,1323,1242,1244,1245,610,1243,1244,1244,1241,1246,1322,1324,1246,1246,226,589,1246,1246,1246,178,253,175,325,326,326,328,351,351,352,375,404,405,406,351,378,327,175,175,150
351,353,377,175,175,380,381,351,378,326,326,327,275,376,403,351,351,351,351,351,304,351,300,351,351,351,351,300,351,351,351,351,351,351,300,351,351,351,351,351,351,353,276,277,278,376,376,377,175,175,175,175,200,201,201,201,202,176,1243,1244,1268,1269,1266,1229,1229,1322,1229,1274,1229,1246,1246,1299,1246,1246,1246,1324,1246,1246,1324,1249,1229,1246,1267,1269,1270,1244,1268,1269,1269,1266,1246,1306,1246,463,178,251,251,251,251,251,253,326,326,328,329,351,329,175,175,203,401,375,403,351,351,351,329,326,326,326
376,377,150,325,326,380,381,351,351,351,304,378,327,275,329,351,351,304,351,351,351,351,351,351,351,351,304,351,300,329,351,351,351,351,351,351,300,351,351,353,376,377,175,400,175,175,175,175,175,175,150,200,202,488,176,610,1243,1244,1268,1269,1266,1229,1248,1229,1229,1229,1229,1324,1246,1246,1246,1324,1246,1323,1246,1322,1247,1246,1229,1230,1231,1324,1271,1323,1267,1269,1266,1274,1274,1246,1306,1299,589,178,253,175,401,175,175,151,350,351,329,351,304,353,175,175,175,175,325,326,328,351,351,351,351,351,351,351
175,150,175,350,351,380,381,354,355,356,300,304,352,175,380,356,351,351,351,351,351,351,351,329,351,351,304,351,351,351,351,351,351,351,300,351,351,353,376,377,175,400,401,175,175,275,175,150,175,200,201,202,226,176,1243,1244,1268,1269,1266,1229,1229,1229,1229,1324,1229,1229,1230,1230,1230,1230,1230,1230,1230,1230,1230,1230,1230,1230,1228,1255,1256,1246,1273,1271,1271,1322,1246,1274,1274,1246,1299,1246,178,253,175,151,325,326,326,326,328,353,376,376,376,377,175,175,175,175,350,351,353,376,150,150,376,376,376,376
326,327,325,328,351,380,381,379,380,381,353,376,377,150,380,381,351,351,305,304,351,351,351,351,351,351,351,351,300,351,351,351,353,276,277,278,376,377,175,175,275,175,175,275,175,200,201,201,201,202,176,176,1243,1244,1268,1269,1266,1229,1229,1229,1229,1229,1274,1229,1230,1228,1255,1255,1255,1255,1255,1255,1255,1255,1255,1255,1255,1255,1280,1280,1281,1246,1231,1271,1249,1246,1246,1274,1274,1246,178,251,253,175,175,325,328,351,305,351,353,175,175,175,401,275,275,256,175,325,328,351,352,275,401,175,150,150,175,175
351,378,328,304,380,156,381,404,405,406,352,175,175,175,380,381,305,304,304,351,351,351,351,304,304,351,351,351,351,351,351,353,377,401,175,175,175,275,175,150,175,200,201,201,201,202,513,176,560,1243,1244,1244,1268,1269,1266,1229,1229,1322,1274,1324,1229,1248,1229,1228,1255,1280,1278,1305,1305,1303,1280,1278,1305,1305,1305,1305,1305,1305,1305,1305,1246,1246,1249,1322,1249,1246,1306,589,589,178,253,175,401,151,325,328,351,351,351,351,175,175,175,401,325,326,326,326,326,328,351,353,254,326,326,301,302,303,326,327
351,351,380,380,405,405,406,353,376,376,377,175,325,326,380,381,351,351,351,351,351,351,351,351,351,351,351,351,353,376,376,377,175,175,175,175,175,175,175,175,200,202,513,226,176,176,1243,1244,1244,1268,1269,1269,1266,1229,1274,1229,1229,1229,1230,1230,1230,1230,1228,1255,1278,1305,1229,1229,1229,1229,1305,1246,1249,1246,1249,1246,1322,1246,1246,1323,1323,1273,1246,1246,1306,1248,1299,176,178,253,401,175,175,325,328,351,353,376,329,351,175,175,256,325,328,351,351,351,351,353,376,377,256,351,351,351,351,351,351,352
380,380,405,406,300,353,376,377,150,175,325,326,329,351,380,381,300,351,351,351,329,351,351,351,351,351,353,376,377,175,275,275,175,175,275,175,200,201,201,201,202,176,176,176,1243,1244,1268,1269,1269,1266,1247,1229,1274,1229,1229,1229,1229,1228,1255,1255,1255,1255,1255,1278,1324,1229,1274,1322,1249,1229,1246,1246,1246,1273,1246,1246,1229,1246,1246,1246,1249,1246,1246,1246,1246,176,231,226,228,175,175,275,325,328,351,351,352,275,256,175,175,175,150,350,351,353,376,401,376,377,175,175,350,351,351,351,351,329,329,352
405,406,351,351,353,377,175,175,304,326,304,351,351,351,380,381,351,351,351,351,351,351,351,300,351,353,377,175,175,150,175,275,175,150,175,175,225,513,206,176,176,1243,1244,1244,1268,1269,1266,1229,1229,1229,1274,1229,1274,1229,1272,1229,1228,1255,1302,1302,1302,1278,1305,1229,1274,1229,1229,1229,1229,1248,1246,1322,1246,1246,1246,178,251,252,463,1246,1246,1246,1322,1246,176,178,251,251,253,175,275,175,350,351,351,353,175,175,175,175,175,175,325,328,379,380,150,256,401,256,175,175,375,403,351,351,351,351,300,353
351,351,351,351,352,175,325,326,328,351,351,351,351,380,156,381,305,351,351,351,351,351,351,353,376,377,401,175,275,175,275,175,275,200,201,201,202,176,176,1243,1244,1268,1269,1269,1266,1229,1229,1229,1274,1229,1229,1229,1229,1249,1230,1228,1255,1280,1227,1280,1280,1324,1229,1229,1229,1229,1229,1229,1229,178,252,207,589,176,176,228,401,250,251,251,252,176,178,251,251,253,175,401,175,175,401,325,328,351,379,352,150,175,175,175,175,175,350,351,379,380,175,175,275,175,256,175,401,350,329,329,351,351,351,351
304,351,351,351,352,175,304,351,351,351,351,380,380,357,405,406,351,351,351,351,351,353,376,377,175,175,175,275,175,151,175,175,200,202,488,176,610,1243,1244,1268,1269,1266,1274,1229,1229,1229,1274,1229,1229,1249,1229,1248,1228,1255,1255,1280,1280,1280,1302,1280,1278,1229,1274,1229,1229,1229,1229,176,178,253,250,252,488,178,251,253,175,325,327,175,250,251,253,175,175,175,150,175,275,275,325,328,351,351,379,352,175,256,175,325,326,401,328,304,379,380,327,175,175,175,175,175,150,375,376,376,376,403,351,351
329,351,351,351,352,275,380,351,351,380,380,357,405,406,351,351,351,300,351,353,376,377,401,400,175,150,175,200,201,203,200,201,202,226,176,1243,1244,1268,1269,1266,1229,1229,1229,1229,1248,1229,1249,1229,1324,1230,1228,1255,1280,1278,1305,1305,1305,1305,1305,1305,1229,1229,1229,1274,1229,560,176,178,253,401,150,225,176,228,150,175,150,350,378,326,327,401,325,326,326,275,175,175,175,175,350,351,304,351,379,352,256,326,326,328,329,329,351,351,379,380,352,175,175,175,175,175,175,175,275,175,401,350,351,351
351,304,351,351,352,275,380,380,380,357,405,406,351,351,351,304,351,351,351,352,175,400,175,175,275,175,175,225,513,177,202,176,176,1243,1244,1268,1269,1266,1229,1229,1322,1229,1229,1229,1229,1230,1230,1228,1255,1255,1280,1278,1305,1229,1273,1229,1274,1274,1229,1274,1229,1229,1274,1274,1229,176,513,228,150,175,200,202,176,177,203,175,325,328,351,304,378,326,328,351,300,378,326,327,275,175,375,403,351,351,379,352,350,351,351,351,351,353,376,403,379,380,378,326,326,327,175,175,175,175,175,175,256,350,351,351
329,351,329,351,352,175,380,357,405,406,351,351,329,351,351,351,351,353,376,377,175,175,275,175,275,175,200,202,560,176,176,1243,1244,1268,1269,1266,1229,1229,1229,1229,1274,1229,1229,1273,1228,1255,1255,1280,1278,1305,1305,1229,1274,1274,1229,1229,1249,1229,1229,1322,1229,1274,1229,1229,1229,560,178,253,175,175,225,176,176,231,228,175,350,300,351,351,351,304,351,351,351,351,351,378,327,275,401,350,300,351,379,352,375,376,403,304,351,352,401,350,404,351,380,380,380,380,327,175,175,175,175,175,325,328,351,351
329,329,304,351,352,150,380,381,304,351,351,351,351,351,351,300,353,377,175,275,175,200,201,203,200,201,202,176,176,1243,1244,1268,1269,1266,1247,1229,1299,1274,1229,1229,1229,1230,1230,1228,1280,1278,1305,1305,1229,1274,1249,1229,1229,1229,1229,1229,1229,1229,1229,1229,1229,1274,1229,1229,1229,614,177,203,275,175,225,488,176,176,228,175,350,304,351,353,376,403,351,351,351,353,376,376,377,150,175,350,351,304,379,352,150,175,375,403,304,352,175,375,376,376,403,404,405,380,380,326,327,175,175,175,350,329,329,351
329,351,351,351,352,175,380,381,351,351,351,304,351,351,351,351,352,256,175,275,150,225,513,177,202,176,176,1243,1244,1268,1269,1266,1229,1229,1229,1274,1229,1229,1249,1230,1228,1255,1255,1280,1278,1229,1322,1229,1229,1229,1274,1229,1229,1299,1299,1229,176,178,251,252,1229,1324,1274,1273,1229,176,176,228,150,401,250,252,207,178,253,175,350,351,353,377,150,375,376,376,376,377,401,175,175,275,175,350,351,351,379,352,175,275,256,375,376,377,175,256,175,175,375,403,304,404,380,380,380,380,380,327,350,351,286,351
304,329,351,353,377,275,380,381,351,300,351,351,300,351,300,353,377,175,175,175,200,202,176,176,176,1243,1244,1268,1269,1266,1229,1229,1229,1273,1229,1274,1230,1230,1228,1255,1280,1227,1278,1305,1274,1246,1274,1274,1246,1246,1246,1247,1246,176,226,176,178,253,175,225,176,1229,1229,1229,1242,1245,178,253,175,175,175,250,251,253,175,401,375,376,377,175,275,275,275,175,150,275,325,326,327,400,175,375,403,351,379,352,175,175,175,175,175,150,175,175,175,175,325,328,351,353,404,405,405,405,380,380,375,376,403,351
353,376,376,377,151,175,380,381,351,351,351,305,304,300,351,352,175,275,256,175,225,226,207,1243,1244,1268,1269,1266,1229,1322,1229,1229,1274,1229,1230,1228,1255,1255,1255,1278,1305,1305,1324,1246,1246,1246,1246,1246,1246,176,176,178,251,251,251,251,253,175,150,250,252,560,1229,1246,1267,1270,177,203,175,150,175,175,175,275,150,175,275,275,151,175,200,201,203,175,175,275,350,300,378,327,175,175,350,351,379,352,175,175,175,175,175,175,175,175,175,175,350,304,351,352,350,351,304,351,379,380,175,175,350,351
377,150,175,175,325,326,380,381,351,351,304,351,351,351,353,377,275,175,175,200,202,176,1243,1268,1269,1266,1299,1229,1229,1274,1274,1229,1229,1228,1255,1280,1278,1305,1305,1229,1229,1229,1229,1246,1246,178,251,251,251,251,251,253,151,175,175,175,325,326,327,175,225,585,1229,1229,1229,1229,589,228,401,175,150,175,175,175,175,175,175,175,175,200,202,207,228,150,150,175,350,351,351,352,275,175,375,403,379,378,327,175,175,175,175,175,175,175,175,175,375,403,304,352,375,376,403,300,379,380,175,175,375,376
175,175,175,175,350,351,380,381,304,351,351,351,351,353,377,401,175,175,200,202,181,560,1268,1266,1229,1322,1229,1229,1274,1274,1229,1230,1228,1255,1278,1305,1249,1324,1229,1274,1248,1229,176,178,251,253,175,151,175,150,175,175,150,175,256,325,328,351,352,200,202,564,1229,1246,1246,1229,560,177,203,175,175,175,175,175,175,175,175,175,200,202,176,226,228,175,175,150,375,403,351,378,327,275,401,261,379,380,380,380,380,327,175,175,175,175,175,175,150,375,376,377,256,256,375,403,379,380,175,175,401,175
326,327,175,175,350,351,380,381,351,351,351,351,351,352,150,175,275,175,225,513,176,1243,1241,1229,1229,1229,1274,1229,1230,1230,1228,1255,1255,1278,1274,1229,1229,1274,1229,1229,176,178,251,253,175,175,175,325,326,301,302,303,301,302,303,328,351,304,352,225,513,176,1229,1274,1229,1242,1245,176,177,203,275,175,256,256,275,175,150,200,202,513,176,176,177,203,175,175,401,375,403,300,352,175,175,286,404,405,405,407,380,380,380,380,380,380,380,380,256,275,175,151,175,175,175,261,379,380,380,380,175,175
351,254,326,326,328,380,405,406,351,351,329,351,353,377,175,175,275,175,250,252,226,1268,1266,1229,1274,1229,1229,1228,1255,1255,1255,1278,1305,1229,1324,1229,1229,1247,1229,178,251,253,325,326,326,326,326,328,351,304,351,351,351,351,304,351,351,353,377,225,176,176,1229,1229,1229,1267,1270,176,488,228,175,275,175,175,150,200,201,202,226,176,226,488,176,228,275,175,175,175,375,376,377,175,150,311,300,351,351,404,405,405,405,405,405,407,156,380,256,401,175,175,256,256,175,286,404,405,380,380,175,175
376,493,492,518,376,403,300,351,351,351,351,351,378,327,175,256,175,175,175,225,176,1229,1229,1248,1229,1229,1279,1280,1302,1302,1280,1256,1229,1249,1229,1324,1229,1229,176,228,150,325,328,354,355,356,351,351,304,305,354,355,356,351,305,351,351,352,175,225,181,176,1229,1274,1229,1229,1229,176,178,253,275,275,175,151,200,202,176,176,176,176,207,226,176,228,175,275,175,275,275,150,275,175,275,375,376,376,403,351,351,351,351,304,351,404,407,380,327,175,275,175,150,175,175,311,351,304,379,380,175,175
203,518,493,492,175,375,403,351,351,304,351,351,351,378,327,175,175,275,150,225,176,1229,1229,1229,1229,1274,1279,1280,1227,1280,1280,1256,1229,1274,1274,1229,1322,1229,488,228,275,350,300,404,405,406,351,351,351,351,379,380,381,351,351,304,300,352,175,250,182,176,1229,1299,1229,1274,1229,176,228,401,150,175,175,200,202,564,176,176,176,176,176,176,176,228,175,150,200,201,201,201,201,203,275,175,275,175,375,403,351,351,351,351,305,304,379,380,377,175,175,175,175,175,175,375,403,304,379,380,256,175
253,492,518,517,175,256,375,403,351,351,353,403,351,351,352,275,175,175,200,202,564,1229,1229,1229,1229,1273,1228,1302,1280,1280,1302,1256,1322,1229,1229,1229,1229,1229,176,177,203,375,376,376,276,277,278,376,403,351,404,405,406,305,351,300,304,352,175,200,202,176,1229,1229,1229,1322,1242,1245,177,203,175,175,200,202,176,176,226,176,231,176,226,176,589,253,175,175,225,614,207,226,176,177,201,203,175,175,175,375,376,376,403,351,351,351,379,380,327,175,175,175,175,175,175,401,350,351,379,380,275,175
175,492,175,175,175,175,175,375,403,351,352,375,403,351,352,400,275,175,225,176,226,1229,1229,1274,1229,1254,1280,1280,1280,1280,1280,1256,1229,1274,1229,1274,1272,1242,1245,176,177,201,203,175,150,175,175,151,350,351,351,351,304,351,351,351,351,378,327,225,463,176,1229,1273,1229,1229,1267,1270,560,228,175,275,225,206,176,176,176,176,176,176,176,176,228,175,275,175,250,252,176,176,231,176,513,228,275,175,401,275,175,175,375,376,403,351,379,380,380,326,327,175,175,175,175,175,375,403,379,380,150,175
175,175,175,175,175,175,175,175,375,376,377,325,328,304,378,327,175,256,250,252,488,1229,1247,1229,1229,1304,1305,1303,1280,1302,1227,1253,1231,1229,1229,1229,1229,1267,1270,1245,589,176,177,201,201,201,203,175,375,376,376,276,277,278,403,354,355,356,352,250,252,226,1229,1229,1229,1229,1229,1229,178,253,401,175,250,252,488,176,176,226,176,176,176,178,253,175,175,275,275,225,176,176,176,176,589,177,203,401,151,175,175,175,175,401,350,351,404,407,380,380,380,327,175,175,175,175,175,350,379,380,175,175
175,175,175,175,175,175,175,517,275,400,325,328,351,351,351,352,175,175,175,250,252,1229,1229,1229,1229,1229,1229,1254,1280,1280,1280,1280,1256,1229,1274,1229,1324,1229,1267,1270,1244,1244,1245,610,176,176,177,201,201,203,275,175,150,175,350,404,405,406,352,175,225,176,1229,1229,1229,1229,1229,1229,177,203,175,150,175,225,226,176,176,176,176,226,610,228,175,175,401,175,175,225,176,513,176,176,176,176,228,275,175,275,275,150,175,175,350,300,351,404,405,407,380,380,380,326,326,380,150,350,379,380,175,175
175,175,175,175,175,175,175,517,175,325,328,351,304,351,353,377,400,175,175,175,225,176,1229,1229,1274,1229,1229,1304,1305,1305,1305,1305,1229,1274,1229,1229,1229,1229,1229,1267,1269,1269,1270,1244,1244,1245,614,176,176,177,201,201,203,175,375,376,376,376,377,150,225,589,1229,1229,1274,1229,1274,1229,176,228,175,275,175,225,181,176,231,178,251,251,251,253,175,150,175,401,275,250,252,176,176,207,226,176,228,175,175,175,275,275,175,175,375,376,403,351,351,404,405,407,380,380,380,380,175,350,379,380,175,175
175,175,175,175,175,175,175,517,175,350,351,351,351,353,377,401,175,175,150,175,250,182,1229,1229,1322,1229,1274,1229,1304,1274,1229,1229,1229,1229,1229,1231,1229,1229,1322,1246,1229,1229,1267,1269,1269,1270,1244,1244,1245,589,176,614,177,201,203,275,175,275,175,200,202,206,1229,1322,1229,1229,1324,1274,513,228,175,275,175,250,251,251,251,253,175,275,150,175,256,175,175,175,175,175,250,251,251,182,176,231,228,256,256,175,175,175,275,275,175,401,350,351,351,351,351,404,405,407,156,380,325,328,379,380,175,175
175,203,203,203,203,203,203,517,256,350,351,304,351,378,326,326,327,275,175,175,150,225,176,1229,1229,1229,1229,1229,1229,1304,1322,1274,1229,1229,1229,1229,176,513,1229,1246,1229,1229,1246,1322,1246,1267,1269,1269,1270,1244,1244,1244,1245,207,177,201,201,201,201,202,176,1243,1241,1229,1229,1229,1229,1229,176,228,175,275,175,175,150,175,275,175,175,275,175,175,175,175,275,175,175,151,175,175,175,250,251,251,253,401,275,175,175,150,175,175,275,175,350,351,304,304,351,300,351,379,380,380,350,304,379,380,380,380
537,537,537,537,537,537,537,16,175,350,300,351,353,403,351,351,378,327,175,256,175,250,252,176,1229,1299,1248,1229,1229,1274,1229,1304,1229,1229,1229,1229,181,463,226,226,206,226,1229,1229,1229,1229,1248,1229,1267,1269,1269,1269,1270,1244,1244,1245,176,176,176,589,1243,1268,1266,1229,1229,1248,1229,178,251,253,175,175,175,175,151,175,175,150,175,175,150,175,175,175,150,175,175,275,275,150,275,175,175,275,175,275,175,175,175,175,275,175,175,401,375,403,351,305,351,351,351,379,380,380,375,403,404,405,405,405
537,537,537,695,537,537,537,16,150,375,376,376,377,375,376,403,351,378,327,175,275,175,250,251,252,176,1229,1229,1229,1229,1229,1229,1229,1304,1229,1242,1245,207,226,181,226,182,1229,1274,1229,1229,1229,1299,1229,1229,1229,1229,1267,1269,1269,1270,1244,176,176,1244,1268,1266,1272,1229,1229,1229,1229,228,150,175,175,175,401,325,326,326,326,327,275,175,275,175,200,201,201,201,201,201,201,203,175,275,175,275,175,275,150,175,175,275,401,175,175,150,175,350,351,304,305,304,351,379,156,380,275,375,403,304,351,351
537,537,537,537,537,537,537,16,175,275,175,175,401,175,175,350,304,351,378,327,175,175,175,175,250,251,252,207,1229,1322,1229,1229,1274,1274,1229,1267,1270,1244,1244,1244,1244,1244,1241,1229,1274,1322,1230,1230,1230,1274,1274,1229,1229,1273,1229,1267,1269,206,176,1268,1266,1229,1274,1229,1274,1229,1229,228,175,175,275,325,326,328,304,351,351,352,175,150,175,200,202,488,176,560,176,226,207,228,175,175,401,175,275,175,175,175,275,401,175,175,275,175,175,375,376,403,351,351,351,379,380,380,175,401,375,276,277,278
562,512,562,562,562,563,537,537,175,175,175,400,175,275,256,350,351,351,351,378,327,256,175,151,175,150,250,251,252,176,1229,1324,1229,1322,1229,1229,1267,1269,1269,1269,1269,1269,1266,1229,1229,1254,1255,1255,1255,1253,1273,1230,1230,1229,1229,1229,1242,1244,176,1241,1229,1274,1229,1274,1229,1229,1229,150,175,325,326,328,351,304,300,351,353,377,175,175,200,202,564,176,488,176,176,231,178,253,175,175,275,175,175,175,275,150,175,175,275,175,150,275,150,175,175,350,351,351,351,379,156,380,380,380,326,291,325,401
1244,1244,1245,176,589,538,537,537,175,256,175,275,175,151,325,328,304,351,351,351,378,326,327,325,326,327,175,175,250,252,488,176,589,1229,1229,1229,1246,1229,1229,1246,1274,1229,1229,1274,1229,1249,1305,1305,1305,1303,1255,1255,1255,1253,1229,1229,1267,1269,598,1266,1229,1274,1229,1322,1324,1229,615,175,175,350,351,351,351,351,305,300,352,401,175,200,202,176,176,176,176,226,176,176,228,175,275,175,175,150,175,200,201,201,203,175,151,175,275,175,175,256,256,375,403,351,351,379,380,380,380,380,329,315,375,376
1269,1269,1270,176,176,588,537,537,150,175,325,326,327,175,350,351,351,351,351,304,351,351,378,328,351,378,326,327,175,250,251,251,252,176,176,564,560,176,176,1229,1248,1322,1229,1229,1229,1274,1229,1273,1229,1229,1322,1303,1252,1280,1253,1249,1274,1242,1244,1241,1229,1229,1229,1229,1229,615,537,175,175,350,351,351,351,351,351,304,352,175,200,202,176,176,226,176,176,176,176,178,253,175,275,175,175,200,201,202,176,176,177,203,175,175,175,275,175,275,175,401,350,351,351,404,407,380,380,380,380,315,327,175
1249,1273,1229,207,176,588,537,537,175,150,350,351,378,327,350,351,351,304,351,351,351,351,351,351,304,351,351,352,400,175,150,175,250,251,251,251,251,251,252,176,513,207,1229,1229,1322,1229,1229,1229,1229,1229,1274,1229,1303,1280,1280,1253,1230,1267,1269,1266,1229,1229,1229,1229,206,588,537,175,175,350,351,351,351,351,351,351,352,275,225,181,176,176,176,176,176,589,176,228,175,275,275,175,175,225,564,206,226,176,488,228,275,175,401,175,401,175,175,325,328,351,351,351,404,407,156,380,380,340,378,327
1229,1274,1242,1245,176,588,537,537,256,175,375,403,351,352,375,403,351,351,351,351,304,351,304,351,304,351,351,352,401,175,175,175,150,175,256,175,150,175,250,251,251,251,251,252,560,1229,1229,1274,1229,1229,1274,1229,1229,1303,1227,1280,1255,1253,1229,1229,1274,1229,1322,1229,614,588,537,201,201,375,403,351,351,351,351,351,352,175,250,251,251,252,231,178,251,251,251,253,401,175,175,175,175,225,176,176,176,176,176,177,203,150,175,175,175,175,325,328,351,300,351,351,351,404,405,407,380,380,380,378
1323,1229,1267,1270,614,588,695,537,175,256,175,375,376,377,175,375,376,376,403,304,351,351,305,351,300,351,300,352,175,256,175,175,175,175,151,175,175,175,175,150,175,175,150,250,252,560,206,560,1229,1229,1229,1229,1274,1229,1305,1303,1280,1280,1256,1229,1274,1229,1229,1242,1245,588,537,537,537,150,350,351,351,351,351,351,378,327,175,275,175,250,251,253,175,275,175,325,326,326,326,327,175,250,251,251,252,226,176,589,228,401,175,325,326,326,328,351,351,351,351,351,351,351,351,404,405,332,380,403
1229,1274,1229,1229,176,588,537,537,253,175,150,175,175,175,175,175,400,401,350,351,351,304,304,300,351,304,353,377,150,175,325,326,326,326,326,327,401,175,256,175,325,326,326,327,250,251,251,251,252,1229,1247,1229,1229,1274,1229,1249,1303,1280,1253,1249,1229,1229,1229,1267,1270,645,562,563,537,275,350,351,351,351,351,351,351,352,175,175,175,175,175,175,175,175,175,350,351,351,351,352,275,275,175,175,225,176,176,176,228,175,325,328,351,351,351,351,351,351,351,351,351,351,351,351,351,353,377,375
1229,1274,1249,1229,176,588,537,537,253,175,175,175,175,175,151,175,275,175,375,376,403,351,351,304,304,353,377,175,175,325,328,351,351,351,351,378,326,327,175,325,328,351,351,378,326,327,401,150,250,251,1229,1324,1229,1322,1229,1274,1254,1227,1280,1256,1229,1229,1229,1229,1242,1245,176,588,537,175,375,376,403,351,300,351,351,378,326,326,326,326,326,327,401,175,325,328,351,351,351,378,327,175,151,175,250,252,176,176,228,175,375,403,351,351,351,351,351,351,351,351,351,351,353,376,376,377,175,375
1322,1229,1229,1229,176,538,537,537,253,175,175,175,275,175,175,175,256,175,175,175,375,403,351,351,351,352,401,175,175,350,380,380,380,380,380,380,380,352,175,350,300,351,304,305,351,378,326,327,175,175,207,1229,1229,1229,1229,1229,1229,1303,1280,1256,1229,1229,1322,1229,1267,1270,207,588,537,175,325,327,350,351,351,351,304,305,351,351,351,300,351,352,325,326,328,351,300,300,353,376,377,175,175,175,175,225,176,513,228,175,175,375,403,351,300,351,351,351,304,351,351,353,377,175,175,175,175,175
1274,1229,1323,1229,176,588,537,537,253,175,175,175,175,175,150,175,175,175,150,175,401,375,376,376,376,377,175,175,400,350,380,156,380,380,380,351,380,352,400,375,376,403,351,304,304,304,351,352,175,175,225,207,1229,1229,1229,1274,1272,1254,1280,1256,1274,1274,1229,1229,1274,1229,176,538,537,150,375,377,375,403,351,351,351,304,304,351,351,351,351,378,328,351,351,353,376,376,377,175,175,175,175,175,175,537,288,289,253,175,175,401,375,403,351,353,403,351,353,403,300,352,175,175,175,175,175,175
1274,1229,1229,1229,176,588,537,537,253,175,175,175,175,175,175,175,175,175,256,175,275,175,175,256,175,175,175,150,175,350,405,405,405,405,999,405,405,352,401,175,175,375,376,376,403,351,353,377,175,150,225,560,1229,1229,1229,1229,1229,1228,1280,1253,1249,1229,1274,1274,1273,1229,589,588,537,175,175,325,327,375,376,376,403,351,351,351,300,351,300,351,351,353,376,377,400,175,175,175,175,175,175,175,175,312,338,339,312,468,175,175,175,375,376,377,375,376,377,375,376,377,175,175,175,175,175,175
1229,1229,1249,1229,614,588,537,537,253,175,175,175,175,175,175,175,175,175,175,175,150,175,175,175,175,150,175,175,175,375,276,277,278,376,276,277,278,377,175,175,150,175,175,175,375,376,377,400,401,175,225,585,1229,1229,1274,1229,1254,1280,1302,1227,1256,1229,1229,1229,1229,1242,1245,588,537,175,175,375,377,175,175,401,375,376,276,277,278,276,277,278,376,377,175,175,175,175,175,175,175,175,175,175,175,312,338,339,312,175,175,275,150,175,175,175,175,175,175,401,175,175,175,175,175,175,175,175
1229,1323,1229,1229,176,645,563,537,537,175,175,175,175,175,175,175,175,175,175,175,175,175,175,175,175,175,175,175,175,151,275,175,256,175,175,175,256,256,175,175,175,175,175,175,175,256,175,175,151,175,225,176,1229,1248,1229,1229,1254,1280,1280,1280,1256,1229,1229,1229,1229,1267,1270,588,537,275,175,175,275,175,175,151,175,175,175,275,175,401,175,175,275,175,175,175,175,175,175,175,175,175,1367,175,175,338,313,314,312,175,175,175,175,175,175,175,175,175,275,175,175,175,175,175,175,175,175,175
1229,1229,1274,1229,176,176,588,537,537,537,175,175,175,175,175,175,175,175,175,175,175,175,175,175,175,175,150,175,256,175,175,175,150,175,175,175,175,175,175,175,175,175,175,175,175,175,150,175,175,256,225,513,1229,1229,1229,1229,1254,1280,1227,1280,1256,1229,1229,1229,1229,1229,1229,588,537,150,175,175,175,175,175,175,150,175,175,175,175,175,175,175,175,150,175,175,175,175,175,175,175,654,1392,630,558,630,608,632,253,175,175,175,175,175,175,175,175,175,175,150,175,175,175,175,175,200,201,537
1229,1274,1229,1229,589,207,645,537,537,537,537,175,175,175,175,175,175,175,175,175,175,175,175,175,175,175,175,175,175,175,175,175,175,175,175,175,175,175,175,175,175,175,175,175,175,175,175,175,175,200,202,585,1229,1229,1229,1229,1254,1280,1302,1280,1253,1231,1323,1229,1229,1247,1229,588,537,228,175,175,175,175,175,175,175,175,175,175,175,175,175,175,175,175,175,175,175,175,175,175,492,704,705,705,705,705,705,707,345,175,175,175,175,175,175,175,175,175,175,175,175,175,175,175,200,202,537,537
1274,1229,1273,1242,1245,176,176,613,537,537,537,537,175,175,175,175,175,175,175,175,175,175,175,175,175,175,175,175,175,175,175,175,175,175,175,175,175,175,175,175,175,175,175,175,175,175,175,175,175,225,176,176,1229,1229,1322,1229,1254,1280,1280,1280,1280,1256,1229,1229,1229,1229,1229,588,537,228,175,175,175,175,175,175,175,175,175,175,175,175,175,175,175,175,175,175,175,175,175,175,175,291,175,150,251,253,175,175,175,175,175,175,175,175,175,175,175,175,175,175,175,175,175,175,225,537,537,611
1229,1274,1229,1267,1270,1244,1245,176,613,537,537,537,537,175,175,175,175,175,175,175,175,175,175,175,175,175,175,175,175,175,175,175,175,175,175,175,175,175,175,175,175,175,175,175,175,175,175,175,175,225,176,585,1229,1229,1229,1229,1254,1280,1277,1280,1280,1256,1229,1229,1229,1229,1229,588,537,228,175,175,175,175,175,175,175,175,175,175,175,175,175,175,175,175,175,175,175,175,175,175,175,467,467,467,175,175,175,175,175,175,175,175,175,175,175,175,175,175,175,175,175,175,175,200,537,537,611,178
1229,1229,1229,1229,1267,1269,1270,1245,176,613,537,537,537,537,537,537,537,537,537,537,537,537,537,537,537,537,175,175,175,175,175,175,175,175,175,175,175,175,175,175,175,175,175,175,175,175,175,175,175,225,176,1243,1241,1229,1229,1229,1228,1280,1280,1280,1280,1256,1229,1229,1229,1229,1229,588,537,228,175,175,175,175,175,175,175,175,175,175,175,175,175,175,175,175,175,175,175,175,537,537,537,324,1396,321,537,537,537,537,537,537,537,537,537,537,537,69,175,175,175,175,175,175,200,537,537,611,589,1229
1229,1297,1229,1274,1229,1229,1267,1270,1245,176,613,537,537,537,537,537,537,537,537,537,537,537,537,537,537,537,175,175,175,175,175,175,175,175,175,175,175,175,175,175,175,175,175,175,175,175,175,175,175,225,176,1268,1266,1229,1272,1254,1280,1302,1302,1302,1227,1253,1231,1229,1229,1322,1229,538,537,228,175,175,175,175,175,175,175,175,175,175,175,175,175,175,175,175,175,175,175,175,537,537,537,537,1397,537,537,537,537,537,537,537,537,537,537,537,537,175,175,175,175,175,175,200,537,537,611,176,1243,1268
1229,1229,1229,1274,1274,1229,1247,1267,1270,1244,1245,613,537,537,537,537,537,537,537,537,537,537,537,537,537,537,175,175,175,175,175,175,175,175,175,175,175,537,537,537,537,537,537,537,537,175,175,175,175,225,176,1229,1322,1229,1229,1254,1280,1280,1277,1280,1280,1280,1256,1229,1229,1229,1229,588,537,228,175,175,175,175,175,175,175,175,175,175,175,175,175,175,175,175,537,537,537,537,537,537,537,537,537,537,537,537,537,537,537,537,537,537,537,537,537,537,537,175,175,200,201,537,537,611,585,1243,1268,1266
1274,1229,1274,1229,1323,1229,1229,1229,1267,1269,1270,1245,670,562,512,562,562,562,563,537,537,537,537,537,537,537,537,175,175,175,175,175,175,175,175,175,175,537,537,537,537,537,537,537,537,537,175,175,175,225,176,1229,1229,1229,1229,1254,1280,1280,1277,1280,1280,1280,1253,1231,1229,1229,1229,645,537,537,175,175,175,175,175,175,175,175,175,175,175,175,175,175,175,175,537,537,537,537,537,537,537,537,561,512,562,562,562,562,562,563,537,537,537,537,537,537,537,537,175,537,537,537,611,1243,1244,1268,1266,1229
1274,1274,1229,1229,1229,1274,1274,1322,1229,1229,1267,1270,1245,207,176,176,589,176,645,562,562,562,562,562,563,537,537,537,537,537,537,537,537,537,537,537,537,537,537,591,562,562,512,563,537,537,537,537,537,537,565,1229,1229,1229,1229,1228,1302,1280,1280,1280,1302,1277,1280,1256,1229,1229,1242,1245,613,537,537,537,537,537,537,537,537,537,537,537,537,537,537,537,537,537,537,537,591,512,562,562,562,563,586,463,176,176,176,564,176,645,562,562,562,563,537,537,537,537,537,537,537,611,1243,1268,1269,1266,1229,1229
1274,1323,1229,1229,1274,1274,1274,1274,1274,1229,1229,1267,1270,1244,1244,1244,1244,1244,1245,176,226,206,176,176,645,562,562,562,562,562,562,562,562,562,562,562,562,562,565,176,176,207,176,645,562,562,562,562,562,565,1243,1241,1229,1229,1254,1280,1280,1278,1303,1280,1280,1302,1280,1256,1229,1229,1267,1270,1245,670,562,562,562,562,512,562,562,562,512,562,562,562,562,562,562,562,562,565,176,610,176,488,1243,1244,1244,1244,1244,1244,1244,1244,1244,1244,614,176,176,645,562,562,512,562,562,562,565,1243,1268,1266,1229,1229,1229,1229
1274,1229,1229,1229,1274,1322,1274,1274,1274,1274,1274,1229,1267,1269,1269,1269,1269,1269,1270,1244,1244,1244,1244,1244,1244,1244,1244,1244,1244,1244,1244,1244,1244,1244,1244,1244,1244,1244,1244,1244,1244,1244,1244,1244,1244,1244,1244,1244,1244,1244,1268,1266,1229,1323,1254,1280,1280,1256,1304,1305,1303,1280,1302,1253,1231,1229,1229,1267,1270,1244,1244,1244,1244,1244,1244,1244,1244,1244,1244,1244,1244,1244,1244,1244,1244,1244,1244,1244,1244,1244,1244,1244,1268,1269,1269,1269,1269,1269,1269,1269,1269,1270,1244,1244,1244,1244,1244,1244,1244,1244,1244,1244,1244,1268,1266,1229,1229,1229,1229,1229
1274,1274,1274,1229,1274,1274,1229,1229,1274,1274,1274,1274,1274,1274,1229,1229,1249,1229,1267,1269,1269,1269,1269,1269,1269,1269,1269,1269,1269,1269,1269,1269,1269,1269,1269,1269,1269,1269,1269,1269,1269,1269,1269,1269,1269,1269,1269,1269,1269,1269,1266,1229,1229,1229,1228,1280,1280,1256,1229,1229,1274,1303,1280,1280,1253,1323,1229,1229,1267,1269,1269,1269,1269,1269,1269,1269,1269,1269,1269,1269,1269,1269,1269,1269,1269,1269,1269,1269,1269,1269,1269,1269,1266,1229,1274,1229,1229,1229,1229,1249,1229,1267,1269,1269,1269,1269,1269,1269,1269,1269,1269,1269,1269,1266,1229,1229,1229,1229,1229,1229
1323,1229,1297,1229,1274,1324,1229,1249,1274,1274,1272,1229,1274,1229,1273,1229,1229,1323,1229,1229,1229,1274,1229,1229,1323,1229,1229,1229,1297,1229,1274,1229,1298,1229,1229,1229,1274,1247,1273,1229,1229,1229,1229,1274,1229,1229,1323,1229,1229,1274,1274,1274,1229,1228,1227,1280,1278,1306,1297,1229,1323,1304,1303,1280,1277,1253,1274,1274,1274,1297,1229,1229,1229,1229,1229,1274,1229,1229,1229,1297,1229,1229,1323,1229,1229,1229,1274,1229,1249,1229,1229,1272,1229,1274,1229,1273,1229,1229,1323,1229,1229,1229,1274,1229,1229,1323,1229,1229,1229,1229,1274,1274,1229,1323,1229,1229,1274,1229,1229,1229
1246,1246,1246,1246,1246,1324,1246,1246,1274,1246,1246,1246,1246,1246,1246,1246,1246,1246,1246,1249,1246,1246,1246,1246,1246,1274,1274,1246,1246,1246,1246,1246,1246,1246,1246,1246,1246,1246,1246,1274,1274,1274,1274,1246,1246,1246,1246,1246,1246,1274,1274,1246,1228,1280,1280,1280,1281,1246,1246,1246,1246,1246,1279,1280,1280,1227,1253,1246,1246,1246,1246,1246,1246,1249,1246,1246,1246,1246,1246,1274,1246,1274,1246,1322,1274,1246,1246,1246,1246,1246,1324,1274,1246,1246,1246,1246,1246,1246,1274,1246,1324,1246,1230,1230,1230,1246,1274,1274,1274,1324,1246,1274,1246,1274,1246,1246,1246,1246,1322,1274
1246,1246,1246,1246,1274,1246,1274,1246,1322,1274,1246,1246,1246,1246,1246,1324,1274,1246,1246,1246,1246,1246,1246,1274,1246,1324,1246,1230,1230,1230,1246,1274,1274,1274,1324,1246,1274,1246,1274,1246,1246,1246,1246,1322,1274,1246,1324,1246,1246,1274,1230,1228,1227,1302,1302,1277,1281,1246,1249,1246,1246,1246,1279,1280,1280,1302,1280,1253,1230,1246,1246,1246,1246,1246,1246,1249,1246,1246,1274,1230,1230,1230,1246,1246,1246,1246,1246,1249,1246,1246,1246,1274,1246,1322,1246,1246,1246,1274,1246,1230,1230,1228,1255,1255,1255,1253,1230,1230,1230,1230,1246,1274,1246,1246,1246,1246,1249,1246,1246,1246
1249,1246,1246,1274,1230,1230,1230,1246,1246,1246,1246,1246,1249,1246,1246,1246,1274,1246,1322,1246,1246,1246,1274,1246,1230,1230,1228,1255,1255,1255,1253,1230,1230,1230,1230,1246,1274,1246,1246,1246,1246,1249,1246,1246,1246,1274,1274,1230,1230,1228,1255,1252,1280,1302,1302,1280,1281,1246,1246,1246,1249,1246,1279,1280,1280,1280,1280,1277,1255,1253,1230,1246,1246,1246,1246,1246,1246,1228,1255,1255,1255,1255,1253,1230,1324,1230,1230,1230,1230,1230,1230,1230,1246,1246,1274,1324,1246,1230,1228,1255,1255,1280,1280,1252,1280,1280,1255,1255,1255,1255,1255,1255,1255,1255,1253,1230,1230,1230,1228,1255
1246,1246,1228,1255,1255,1255,1255,1253,1230,1324,1230,1230,1230,1230,1230,1230,1230,1246,1246,1274,1324,1246,1230,1228,1255,1255,1280,1280,1252,1280,1280,1255,1255,1255,1255,1255,1255,1255,1255,1253,1230,1230,1230,1228,1255,1255,1255,1255,1255,1280,1280,1280,1280,1280,1302,1280,1253,1230,1230,1246,1246,1246,1228,1280,1280,1302,1280,1280,1280,1280,1255,1253,1230,1230,1230,1228,1255,1280,1252,1277,1280,1280,1227,1255,1255,1255,1255,1255,1255,1255,1255,1255,1253,1230,1230,1230,1228,1255,1280,1277,1280,1227,1280,1280,1280,1280,1280,1280,1280,1280,1280,1280,1280,1227,1280,1255,1255,1255,1280,1280
1228,1255,1280,1252,1277,1280,1280,1280,1255,1255,1255,1255,1255,1255,1255,1255,1255,1253,1230,1230,1230,1228,1255,1280,1277,1280,1227,1280,1280,1280,1280,1280,1280,1280,1280,1280,1280,1280,1227,1280,1255,1255,1255,1280,1280,1280,1227,1280,1302,1280,1280,1302,1302,1302,1280,1280,1280,1255,1255,1253,1230,1228,1280,1280,1277,1280,1280,1280,1280,1280,1280,1280,1255,1255,1255,1280,1280,1280,1280,1280,1280,1227,1280,1280,1280,1302,1280,1280,1280,1280,1227,1280,1280,1255,1255,1255,1280,1280,1280,1280,1280,1280,1280,1280,1280,1302,1280,1280,1280,1280,1252,1280,1280,1280,1280,1280,1280,1280,1280,1280
1280,1280,1280,1280,1280,1280,1227,1280,1280,1280,1302,1280,1280,1280,1280,1227,1280,1280,1255,1255,1255,1280,1280,1280,1280,1280,1280,1280,1280,1280,1302,1280,1280,1280,1280,1252,1280,1280,1280,1280,1280,1280,1280,1280,1280,1280,1277,1280,1280,1280,1280,1302,1302,1302,1302,1280,1280,1280,1280,1280,1255,1280,1280,1280,1280,1280,1280,1280,1280,1280,1280,1280,1280,1280,1280,1280,1227,1277,1280,1302,1280,1280,1280,1277,1280,1280,1280,1277,1280,1280,1280,1280,1302,1280,1280,1280,1280,1280,1302,1280,1280,1280,1280,1280,1280,1280,1280,1302,1280,1280,1280,1280,1280,1280,1280,1280,1280,1280,1302,1280
1280,1227,1277,1280,1302,1280,1280,1280,1277,1280,1280,1280,1277,1280,1280,1280,1280,1302,1280,1280,1280,1280,1280,1302,1280,1280,1280,1280,1280,1280,1280,1280,1302,1280,1280,1280,1280,1280,1280,1280,1280,1280,1280,1302,1280,1280,1280,1280,1302,1280,1280,1280,1280,1302,1302,1280,1280,1280,1280,1280,1280,1280,1280,1280,1280,1280,1280,1280,1280,1280,1280,1280,1280,1280,1280,1280,1280,1280,1280,1280,1280,1280,1280,1280,1280,1280,1280,1280,1280,1280,1280,1280,1280,1280,1280,1280,1280,1280,1280,1280,1280,1280,1280,1280,1280,1280,1280,1280,1280,1280,1280,1280,1280,1280,1280,1280,1280,1280,1280,1280
1280,1280,1280,1280,1280,1280,1280,1252,1280,1280,1280,1280,1280,1280,1280,1280,1280,1280,1280,1280,1280,1280,1280,1280,1280,1280,1280,1280,1280,1280,1280,1280,1280,1280,1280,1280,1280,1280,1280,1280,1280,1280,1280,1280,1280,1280,1280,1280,1280,1280,1280,1280,1280,1280,1280,1280,1280,1280,1280,1280,1280,1280,1280,1280,1280,1280,1280,1280,1280,1280,1280,1280,1280,1280,1280,1280,1280,1280,1280,1280,1280,1280,1280,1280,1280,1280,1280,1280,1280,1280,1280,1280,1280,1280,1280,1280,1280,1280,1280,1280,1280,1280,1280,1280,1280,1280,1280,1280,1280,1280,1280,1280,1280,1280,1280,1280,1280,1280,1280,1280
