-1,-1,-1,-1,-1,-1,-1,-1,-1,-1,-1,-1,-1,-1,-1,-1,-1,-1,-1,-1,-1,-1,-1,-1,1023,143,144,102,-1,102,136,102,-1,-1,-1,307,-1,-1,129,102,-1,-1,-1,-1,-1,136,102,118,119,102,-1,-1,136,102,102,102,118,119,38,39,40,136,102,102,102,102,386,-1,-1,-1,-1,-1,-1,441,63,64,65,102,102,102,102,102,102,102,102,102,102,113,114,257,102,102,102,-1,-1,102,102,102,38,39,40,102,113,114,102,168,169,102,102,102,102,102,102,102,102,143,144,102,102,102
-1,-1,-1,-1,-1,-1,-1,-1,-1,-1,-1,-1,-1,-1,-1,-1,-1,-1,-1,-1,-1,-1,-1,1023,-1,168,169,102,-1,102,-1,-1,102,-1,102,102,38,39,40,102,113,114,257,-1,102,102,102,143,144,102,113,114,102,102,102,102,143,144,63,64,65,232,102,102,102,307,386,-1,-1,-1,-1,-1,-1,445,440,102,102,143,144,102,38,39,40,102,102,102,102,102,102,102,143,144,102,113,114,102,102,102,63,64,65,102,102,102,102,102,102,102,307,38,39,40,102,257,102,168,169,113,114,102
-1,-1,-1,-1,-1,-1,-1,-1,-1,-1,-1,-1,-1,-1,-1,-1,-1,-1,-1,-1,-1,-1,1023,-1,102,-1,-1,102,129,102,113,114,102,127,102,102,63,64,65,102,102,102,-1,129,102,102,102,168,169,102,102,102,102,102,102,102,168,169,257,102,102,102,102,129,102,102,386,-1,-1,-1,-1,-1,-1,491,324,464,440,168,169,257,63,64,65,102,102,102,102,102,102,102,168,169,102,342,-1,467,468,467,468,446,468,467,468,467,468,467,468,440,102,63,64,65,102,102,102,102,102,102,102,102
1145,1023,318,1144,1145,1023,318,-1,-1,-1,-1,-1,-1,-1,-1,-1,-1,-1,-1,-1,-1,1023,-1,102,102,113,114,102,102,102,-1,-1,257,102,102,102,102,102,102,102,102,102,102,102,102,102,307,102,102,102,102,102,102,102,102,102,102,102,102,102,102,102,102,102,-1,-1,411,-1,-1,-1,-1,-1,-1,516,514,489,465,464,440,102,102,102,102,102,102,102,102,102,102,102,102,294,368,367,-1,492,493,492,493,492,447,492,493,492,493,492,493,465,464,440,102,102,102,102,102,102,102,102,102,102
-1,1048,343,-1,-1,1048,343,-1,-1,-1,-1,-1,-1,-1,-1,-1,-1,-1,-1,-1,1023,102,102,102,102,102,102,102,102,102,102,102,102,102,102,102,102,102,102,102,102,102,102,102,102,102,102,102,102,38,39,40,102,102,102,102,102,102,102,102,102,102,102,102,113,114,386,-1,-1,-1,-1,-1,-1,541,539,514,490,489,465,290,291,102,102,102,102,-1,307,102,102,102,102,319,393,392,-1,448,518,517,518,517,518,517,518,517,518,517,518,490,489,465,291,102,102,102,102,102,102,102,102,102
383,384,385,-1,-1,-1,-1,1023,318,-1,-1,-1,-1,-1,-1,-1,-1,-1,-1,1023,102,102,102,102,102,232,102,102,102,102,102,102,102,386,383,383,384,384,383,384,383,384,384,385,384,385,386,102,102,63,64,65,102,102,102,307,102,102,102,102,102,38,39,40,102,102,386,-1,-1,-1,-1,-1,-1,-1,-1,541,515,448,490,315,316,102,102,102,102,126,102,102,102,102,232,344,418,417,544,542,543,542,543,542,543,542,543,542,543,542,543,515,514,490,316,102,102,102,102,102,102,102,102,102
-1,-1,-1,-1,-1,-1,-1,1048,343,318,1144,1145,1023,318,1144,1145,1023,318,1023,318,102,-1,-1,102,129,102,38,39,40,102,102,102,102,386,-1,-1,-1,-1,-1,-1,-1,-1,-1,-1,-1,-1,386,113,114,102,102,102,102,102,129,102,102,113,114,102,102,63,64,65,102,257,386,-1,-1,-1,-1,-1,-1,-1,-1,-1,540,539,515,340,391,102,102,102,102,102,102,102,102,257,102,419,443,442,14,15,232,-1,257,38,39,40,102,-1,-1,102,232,540,539,515,341,102,102,102,102,102,102,232,-1,102
-1,-1,-1,-1,-1,-1,-1,-1,1048,343,-1,-1,1048,343,-1,-1,1048,343,1048,343,102,113,114,102,102,102,63,64,65,102,136,102,102,411,-1,-1,-1,-1,-1,-1,-1,-1,-1,-1,-1,-1,411,102,257,102,102,102,102,102,102,102,102,102,102,232,102,102,102,102,129,102,386,-1,-1,-1,-1,-1,-1,-1,-1,-1,-1,-1,540,365,416,143,144,307,102,102,102,102,129,102,102,419,307,38,39,40,-1,129,-1,63,64,65,-1,143,144,307,-1,-1,-1,540,366,102,307,143,144,102,-1,-1,126,102
175,-1,-1,-1,-1,-1,-1,-1,-1,-1,-1,-1,-1,232,-1,-1,-1,-1,-1,-1,-1,-1,-1,-1,-1,-1,-1,-1,-1,-1,-1,-1,-1,436,-1,-1,-1,-1,-1,-1,-1,-1,-1,-1,-1,-1,436,-1,-1,102,102,102,102,102,102,102,102,102,102,102,102,102,102,102,102,102,411,-1,-1,-1,-1,-1,-1,-1,-1,-1,-1,-1,-1,-1,441,168,169,-1,102,102,102,102,102,102,175,444,88,89,64,65,-1,-1,-1,-1,-1,-1,-1,168,169,-1,-1,-1,-1,257,391,102,102,168,169,102,113,114,257,102
175,175,-1,-1,-1,-1,-1,-1,-1,-1,-1,-1,-1,-1,383,383,384,384,384,383,384,383,383,384,384,384,383,384,384,385,384,384,383,385,-1,-1,-1,-1,-1,143,144,-1,-1,-1,-1,-1,383,384,384,383,384,384,383,434,384,384,383,384,384,385,384,384,383,384,384,385,436,-1,-1,-1,-1,-1,-1,-1,-1,-1,-1,-1,-1,-1,445,467,468,467,468,467,468,446,468,467,468,469,113,114,-1,-1,-1,-1,-1,-1,-1,-1,-1,-1,-1,-1,-1,-1,-1,102,416,-1,102,102,102,102,102,102,102,102
102,175,175,394,-1,-1,-1,-1,-1,-1,-1,-1,-1,-1,-1,-1,-1,-1,-1,-1,-1,-1,-1,-1,-1,-1,-1,-1,-1,-1,-1,-1,-1,-1,-1,-1,-1,-1,-1,168,169,-1,-1,-1,-1,-1,-1,-1,-1,-1,-1,-1,-1,-1,-1,-1,-1,-1,-1,-1,-1,-1,-1,-1,-1,-1,-1,-1,-1,-1,-1,-1,-1,-1,-1,-1,232,-1,-1,-1,491,492,493,492,493,492,493,492,447,492,493,494,173,173,198,198,198,198,198,198,198,198,199,-1,52,-1,-1,76,-1,102,441,113,114,102,38,39,40,102,102,102
102,-1,102,419,-1,-1,-1,-1,-1,-1,-1,-1,-1,-1,-1,-1,-1,-1,-1,-1,-1,-1,-1,-1,-1,-1,-1,-1,-1,-1,-1,-1,-1,-1,-1,-1,-1,-1,-1,-1,-1,-1,-1,-1,-1,-1,-1,-1,-1,-1,-1,-1,-1,-1,-1,-1,-1,-1,-1,-1,-1,-1,-1,-1,-1,435,-1,-1,-1,-1,-1,-1,-1,-1,-1,-1,-1,-1,-1,-1,516,517,518,517,447,517,518,517,518,517,518,519,292,222,223,223,223,223,223,223,223,223,-1,-1,-1,80,-1,101,-1,102,445,467,464,440,63,64,65,102,102,102
102,-1,102,394,-1,-1,-1,-1,-1,-1,-1,-1,-1,-1,-1,-1,-1,-1,-1,-1,-1,-1,-1,-1,-1,-1,-1,-1,-1,-1,-1,-1,-1,-1,-1,-1,-1,-1,-1,-1,-1,-1,-1,-1,-1,-1,-1,-1,-1,-1,-1,-1,-1,-1,-1,-1,-1,-1,-1,-1,-1,-1,-1,-1,-1,-1,-1,-1,-1,-1,-1,-1,-1,-1,-1,-1,-1,-1,-1,-1,541,542,543,542,543,542,543,542,543,542,543,544,292,247,271,271,267,271,271,271,271,271,-1,1548,-1,403,-1,126,-1,102,491,492,489,465,464,440,102,102,102,102
102,-1,102,419,-1,-1,-1,-1,-1,-1,-1,-1,-1,-1,-1,-1,-1,-1,-1,-1,-1,-1,-1,-1,-1,-1,-1,-1,-1,-1,-1,-1,-1,-1,-1,-1,-1,-1,-1,-1,-1,-1,-1,-1,-1,-1,-1,-1,-1,-1,-1,-1,-1,-1,-1,-1,-1,-1,-1,-1,-1,-1,-1,-1,-1,-1,-1,-1,-1,-1,-1,-1,-1,-1,-1,-1,-1,-1,-1,-1,-1,72,73,74,323,222,223,223,223,223,223,222,223,247,248,-1,120,121,120,121,-1,271,-1,257,129,-1,304,-1,232,110,516,448,514,490,489,465,291,102,102,102
102,-1,102,412,-1,-1,-1,-1,-1,-1,-1,-1,-1,-1,-1,-1,-1,-1,-1,-1,-1,-1,-1,-1,-1,-1,-1,-1,-1,-1,-1,-1,-1,-1,-1,-1,-1,-1,-1,-1,-1,-1,-1,-1,-1,-1,-1,-1,-1,-1,-1,-1,-1,-1,-1,-1,-1,-1,-1,-1,-1,-1,-1,-1,-1,-1,-1,-1,-1,-1,-1,-1,-1,-1,-1,-1,-1,-1,-1,-1,-1,97,98,99,348,247,248,267,271,271,124,247,248,247,270,-1,145,146,145,146,-1,270,-1,1495,1496,-1,-1,-1,-1,-1,541,542,539,515,514,490,316,102,129,102
102,-1,102,102,175,175,175,-1,-1,-1,-1,-1,-1,-1,-1,-1,-1,-1,-1,-1,-1,-1,-1,-1,-1,-1,-1,-1,-1,-1,-1,-1,-1,-1,-1,-1,-1,-1,-1,-1,-1,-1,-1,-1,-1,-1,-1,-1,-1,-1,-1,-1,-1,-1,-1,-1,-1,-1,-1,-1,-1,-1,-1,-1,-1,-1,-1,-1,-1,-1,-1,-1,-1,-1,-1,-1,-1,-1,-1,-1,-1,-1,117,245,246,272,273,273,274,273,149,272,273,272,267,274,170,171,170,171,272,267,274,1520,1521,-1,-1,-1,38,39,40,-1,-1,540,539,515,341,102,102,102
102,136,102,102,102,102,175,364,-1,-1,-1,-1,-1,-1,-1,-1,-1,-1,-1,-1,-1,-1,-1,-1,-1,-1,-1,-1,-1,-1,-1,-1,-1,-1,-1,-1,-1,-1,-1,-1,-1,-1,-1,-1,-1,-1,-1,-1,-1,-1,-1,-1,-1,-1,-1,-1,-1,-1,-1,-1,-1,-1,-1,-1,-1,-1,-1,-1,-1,-1,-1,-1,-1,-1,-1,-1,-1,-1,-1,-1,-1,-1,-1,-1,-1,148,148,1522,269,-1,-1,245,246,386,218,219,-1,-1,-1,-1,-1,148,148,-1,-1,-1,-1,-1,63,64,65,-1,-1,-1,-1,540,366,102,102,102
102,257,102,102,102,102,-1,175,-1,-1,-1,-1,-1,-1,-1,-1,-1,-1,-1,-1,-1,-1,-1,-1,-1,-1,-1,-1,-1,-1,-1,-1,-1,-1,-1,-1,-1,-1,-1,-1,-1,-1,-1,-1,-1,-1,-1,-1,-1,-1,-1,-1,-1,-1,-1,-1,-1,-1,-1,-1,-1,-1,-1,-1,-1,-1,-1,-1,-1,-1,-1,-1,-1,-1,-1,-1,-1,-1,-1,-1,-1,-1,-1,-1,-1,-1,-1,-1,-1,-1,-1,-1,1522,386,-1,-1,-1,-1,-1,-1,-1,-1,-1,-1,-1,-1,-1,-1,-1,-1,-1,-1,-1,-1,-1,-1,441,102,102,102
102,102,102,102,102,102,102,102,175,-1,-1,-1,-1,-1,-1,-1,-1,-1,-1,-1,-1,-1,-1,-1,-1,-1,-1,-1,183,211,184,211,184,-1,-1,-1,184,184,211,184,185,-1,-1,-1,-1,-1,-1,-1,-1,-1,-1,-1,-1,-1,-1,-1,-1,-1,-1,-1,-1,-1,-1,-1,-1,-1,-1,-1,-1,-1,-1,-1,-1,-1,-1,-1,-1,-1,-1,-1,-1,-1,-1,-1,-1,-1,-1,-1,-1,-1,-1,-1,1522,386,-1,-1,-1,-1,-1,-1,-1,-1,-1,-1,-1,-1,-1,-1,-1,-1,-1,-1,-1,232,113,114,466,468,446,468
102,102,102,102,102,102,102,102,102,419,-1,-1,-1,-1,-1,-1,-1,-1,-1,-1,-1,-1,-1,-1,-1,-1,183,211,186,1293,-1,-1,1661,-1,-1,-1,1665,-1,-1,1318,284,185,-1,-1,-1,-1,-1,-1,-1,-1,-1,-1,-1,-1,-1,-1,-1,-1,-1,-1,-1,-1,-1,-1,-1,-1,-1,-1,-1,-1,-1,-1,-1,-1,-1,-1,-1,-1,-1,-1,-1,-1,-1,-1,-1,-1,-1,-1,-1,-1,-1,-1,-1,386,-1,-1,-1,-1,-1,-1,-1,-1,-1,-1,-1,-1,-1,-1,-1,-1,-1,143,144,-1,-1,-1,491,447,492,493
102,102,102,102,102,102,102,102,102,394,-1,-1,-1,-1,-1,-1,-1,-1,-1,-1,-1,-1,-1,-1,-1,183,186,-1,-1,-1,-1,-1,1661,-1,-1,-1,1665,1719,-1,-1,1293,284,184,211,185,-1,-1,-1,-1,-1,-1,-1,-1,-1,-1,-1,-1,-1,-1,-1,-1,-1,-1,-1,-1,-1,-1,-1,-1,-1,-1,-1,-1,-1,-1,-1,-1,-1,-1,-1,-1,-1,-1,-1,-1,-1,-1,-1,-1,-1,-1,-1,-1,386,220,221,-1,-1,-1,-1,-1,-1,-1,-1,-1,-1,-1,-1,-1,-1,-1,168,169,38,39,40,516,518,517,518
102,102,102,102,102,102,102,102,102,419,-1,-1,-1,-1,-1,-1,-1,-1,-1,-1,-1,-1,-1,-1,-1,233,1293,-1,-1,-1,-1,1719,1686,-1,-1,-1,1665,-1,-1,-1,-1,-1,-1,-1,284,185,-1,-1,-1,-1,-1,-1,-1,-1,-1,-1,-1,-1,-1,-1,-1,-1,-1,-1,-1,-1,-1,-1,-1,-1,-1,-1,-1,-1,-1,-1,-1,-1,-1,-1,-1,-1,-1,-1,-1,-1,-1,-1,-1,-1,-1,-1,-1,411,245,246,-1,-1,-1,-1,-1,-1,-1,-1,-1,126,257,232,-1,113,114,-1,-1,63,64,65,541,543,542,543
102,102,102,136,102,102,-1,89,102,394,-1,-1,-1,-1,-1,-1,-1,-1,-1,-1,-1,-1,-1,-1,-1,233,-1,-1,-1,-1,-1,-1,1661,-1,-1,-1,1665,-1,-1,-1,-1,-1,-1,-1,-1,284,185,-1,-1,-1,-1,-1,-1,-1,-1,-1,-1,-1,-1,-1,-1,-1,-1,-1,-1,-1,-1,-1,-1,-1,-1,-1,-1,-1,-1,-1,-1,-1,-1,-1,-1,-1,-1,-1,-1,-1,-1,-1,-1,-1,-1,-1,-1,436,383,384,384,385,384,384,384,385,384,384,385,384,384,385,384,384,384,384,383,385,434,384,384,383,384,384
102,102,102,88,89,-1,-1,114,307,419,-1,-1,-1,-1,-1,-1,-1,-1,-1,-1,-1,-1,-1,-1,-1,233,-1,-1,-1,-1,-1,-1,1686,-1,-1,-1,1665,-1,-1,-1,-1,-1,-1,-1,-1,1293,284,185,-1,-1,-1,-1,-1,-1,-1,-1,-1,-1,-1,-1,-1,-1,-1,-1,-1,-1,-1,-1,-1,-1,-1,-1,-1,-1,-1,-1,-1,-1,-1,-1,-1,-1,-1,-1,-1,-1,-1,-1,-1,-1,-1,-1,-1,-1,-1,-1,-1,-1,-1,-1,-1,-1,-1,-1,-1,-1,-1,-1,-1,-1,-1,-1,-1,-1,-1,-1,-1,-1,-1,232
102,102,102,113,114,851,852,853,102,175,-1,-1,-1,-1,-1,-1,-1,-1,-1,-1,-1,-1,-1,-1,183,186,-1,-1,-1,-1,-1,1719,1661,-1,-1,-1,1665,-1,-1,-1,-1,-1,-1,-1,-1,-1,-1,235,-1,-1,-1,-1,-1,-1,-1,-1,-1,-1,-1,-1,-1,-1,-1,-1,-1,-1,-1,-1,-1,-1,-1,-1,-1,-1,-1,-1,-1,-1,-1,-1,-1,-1,-1,-1,-1,-1,-1,-1,-1,-1,-1,-1,-1,-1,-1,-1,-1,-1,-1,-1,-1,-1,-1,-1,-1,-1,435,-1,-1,129,-1,-1,-1,-1,-1,-1,-1,-1,-1,-1
102,102,117,-1,875,876,877,878,-1,-1,175,-1,-1,-1,-1,-1,-1,-1,-1,-1,-1,-1,-1,183,186,-1,-1,-1,-1,-1,-1,-1,1686,-1,-1,-1,1690,-1,-1,-1,-1,-1,-1,-1,-1,-1,-1,235,-1,-1,-1,-1,-1,-1,-1,-1,-1,-1,-1,-1,-1,-1,-1,-1,-1,-1,-1,-1,-1,-1,-1,-1,-1,-1,-1,-1,-1,-1,-1,-1,-1,-1,-1,-1,-1,-1,-1,-1,-1,-1,-1,-1,-1,-1,-1,-1,-1,-1,-1,-1,-1,-1,-1,-1,-1,-1,-1,-1,-1,-1,-1,-1,-1,-1,-1,-1,-1,-1,-1,-1
102,136,-1,-1,900,901,902,903,113,114,102,175,-1,-1,-1,-1,-1,-1,-1,-1,-1,-1,183,186,-1,-1,-1,-1,-1,-1,-1,-1,1711,1712,1713,1714,1715,1719,-1,-1,-1,-1,-1,-1,-1,-1,-1,235,-1,-1,-1,-1,-1,-1,-1,-1,-1,-1,-1,-1,-1,-1,-1,-1,-1,-1,-1,-1,-1,-1,-1,-1,-1,-1,-1,-1,-1,-1,-1,-1,-1,-1,-1,-1,-1,-1,-1,-1,-1,-1,-1,-1,-1,-1,-1,-1,-1,-1,-1,-1,-1,-1,-1,-1,-1,-1,-1,-1,-1,-1,-1,-1,-1,-1,-1,-1,-1,-1,-1,-1
307,102,63,64,65,-1,-1,268,232,-1,-1,102,175,-1,-1,-1,-1,-1,-1,-1,-1,-1,233,-1,-1,-1,-1,-1,-1,-1,-1,-1,-1,-1,-1,-1,-1,-1,-1,-1,-1,-1,-1,-1,-1,-1,-1,235,-1,-1,-1,-1,-1,-1,-1,-1,-1,-1,-1,-1,-1,-1,-1,-1,-1,-1,-1,-1,-1,-1,-1,-1,-1,-1,-1,-1,-1,-1,-1,-1,-1,-1,-1,-1,-1,-1,-1,-1,-1,-1,-1,-1,-1,-1,-1,-1,-1,-1,-1,-1,-1,-1,-1,-1,-1,-1,-1,-1,-1,232,-1,-1,-1,-1,-1,-1,-1,-1,-1,-1
102,-1,-1,102,389,-1,-1,437,257,113,114,102,102,175,-1,-1,-1,-1,-1,-1,-1,-1,233,-1,-1,-1,-1,-1,-1,-1,-1,-1,-1,-1,-1,-1,-1,-1,-1,-1,-1,-1,-1,-1,-1,-1,-1,235,-1,-1,-1,-1,-1,-1,-1,-1,-1,-1,-1,-1,-1,-1,-1,-1,-1,-1,-1,-1,-1,-1,-1,-1,-1,-1,-1,-1,-1,-1,-1,-1,-1,-1,-1,-1,-1,-1,-1,-1,-1,-1,-1,-1,-1,-1,-1,-1,-1,-1,-1,-1,-1,-1,-1,384,384,383,384,383,384,385,383,384,385,384,384,385,384,383,384,385
102,113,114,102,444,-1,-1,441,102,102,102,102,102,102,175,-1,-1,-1,-1,-1,-1,-1,233,-1,-1,-1,-1,-1,-1,-1,-1,-1,-1,-1,-1,-1,-1,-1,-1,-1,-1,-1,-1,-1,-1,-1,-1,235,-1,-1,-1,-1,-1,-1,-1,-1,-1,-1,-1,-1,-1,-1,-1,-1,-1,-1,-1,-1,-1,-1,-1,-1,-1,-1,-1,-1,-1,-1,-1,-1,-1,-1,-1,-1,-1,-1,-1,-1,-1,-1,-1,-1,-1,-1,-1,-1,-1,-1,-1,-1,-1,829,830,-1,-1,-1,1220,1221,1222,-1,102,102,102,102,102,113,114,307,102,102
102,294,295,467,469,-1,-1,466,446,464,440,102,102,102,102,175,-1,-1,-1,-1,-1,-1,233,-1,-1,-1,-1,-1,-1,-1,-1,-1,-1,-1,-1,-1,-1,-1,-1,-1,-1,-1,-1,-1,-1,1293,-1,235,-1,-1,-1,-1,-1,-1,-1,-1,-1,-1,-1,-1,-1,-1,-1,-1,-1,-1,-1,-1,-1,-1,-1,-1,-1,-1,-1,-1,-1,-1,-1,-1,-1,-1,-1,-1,-1,-1,-1,-1,-1,-1,-1,-1,-1,-1,-1,-1,-1,-1,-1,-1,-1,854,855,-1,-1,-1,1189,1190,1191,-1,307,-1,323,38,39,40,102,102,129,102
102,319,320,492,494,-1,-1,491,493,489,465,290,291,102,102,102,394,-1,-1,-1,-1,-1,233,-1,-1,-1,-1,-1,-1,-1,-1,-1,-1,-1,-1,-1,-1,-1,-1,-1,-1,-1,-1,-1,-1,-1,-1,284,211,185,-1,-1,-1,-1,-1,-1,-1,-1,-1,-1,-1,-1,-1,-1,-1,-1,-1,-1,-1,-1,-1,-1,-1,-1,-1,-1,-1,-1,-1,-1,-1,-1,-1,-1,-1,-1,-1,-1,-1,-1,-1,-1,-1,-1,-1,-1,-1,-1,-1,-1,-1,879,880,881,882,883,1214,1215,1216,-1,-1,129,348,63,64,65,-1,-1,-1,-1
102,344,345,448,519,-1,-1,516,518,514,490,315,316,102,102,102,419,-1,-1,-1,-1,-1,258,-1,-1,-1,-1,-1,-1,-1,-1,-1,-1,-1,-1,-1,-1,-1,-1,-1,-1,-1,-1,-1,-1,-1,-1,-1,-1,284,185,-1,-1,-1,-1,-1,-1,-1,-1,-1,-1,-1,-1,-1,-1,-1,-1,-1,-1,-1,-1,-1,-1,-1,-1,-1,-1,-1,-1,-1,-1,-1,-1,-1,-1,-1,-1,-1,-1,-1,-1,-1,-1,-1,-1,-1,-1,-1,-1,-1,-1,904,905,906,907,908,1192,1193,1194,383,385,384,384,385,384,383,384,385,384,385
102,369,370,542,544,-1,-1,541,543,539,515,340,341,102,102,102,394,-1,-1,-1,-1,-1,-1,212,-1,-1,-1,-1,-1,-1,-1,-1,-1,-1,-1,-1,-1,-1,-1,-1,-1,-1,-1,-1,-1,-1,-1,-1,1293,1318,284,185,-1,-1,-1,-1,-1,-1,-1,-1,-1,-1,-1,-1,-1,-1,-1,-1,-1,-1,-1,-1,-1,-1,-1,-1,-1,-1,-1,-1,-1,-1,-1,-1,-1,-1,-1,-1,-1,-1,-1,-1,-1,-1,-1,-1,-1,-1,-1,-1,-1,-1,-1,-1,-1,-1,1217,1218,1219,-1,-1,-1,-1,-1,-1,-1,-1,-1,232,-1
102,394,-1,-1,-1,-1,-1,-1,-1,232,540,365,366,102,136,102,419,-1,-1,-1,-1,-1,-1,-1,212,-1,1318,-1,-1,-1,-1,-1,-1,-1,-1,-1,-1,-1,-1,-1,-1,-1,-1,-1,-1,-1,-1,-1,-1,-1,-1,235,-1,-1,-1,-1,-1,-1,-1,-1,-1,-1,-1,-1,-1,-1,-1,-1,-1,-1,-1,-1,-1,-1,-1,-1,-1,-1,-1,-1,-1,-1,-1,-1,-1,-1,-1,-1,-1,-1,-1,-1,-1,-1,-1,-1,-1,-1,-1,-1,-1,-1,-1,-1,-1,-1,-1,148,-1,-1,-1,-1,-1,-1,-1,-1,-1,-1,-1,-1
102,419,-1,-1,-1,-1,-1,-1,-1,-1,-1,-1,441,102,102,102,444,-1,-1,-1,-1,-1,-1,-1,-1,212,-1,-1,-1,-1,-1,-1,-1,-1,-1,-1,-1,-1,-1,-1,-1,-1,-1,-1,-1,-1,-1,-1,-1,-1,-1,235,-1,-1,-1,-1,-1,-1,-1,-1,-1,-1,-1,-1,-1,-1,-1,-1,-1,-1,-1,-1,-1,-1,-1,-1,-1,-1,-1,-1,-1,-1,-1,-1,-1,-1,-1,-1,-1,-1,-1,-1,-1,-1,-1,-1,-1,-1,-1,-1,-1,-1,-1,-1,-1,-1,-1,-1,-1,-1,-1,-1,-1,-1,-1,-1,-1,-1,-1,-1
102,394,-1,-1,-1,-1,-1,-1,-1,-1,-1,-1,445,467,468,467,469,-1,-1,-1,-1,-1,-1,-1,-1,-1,212,259,-1,-1,-1,-1,-1,-1,-1,-1,-1,-1,-1,-1,-1,-1,-1,-1,-1,-1,-1,-1,-1,-1,-1,235,-1,-1,-1,-1,-1,-1,-1,-1,-1,-1,-1,-1,-1,-1,-1,-1,-1,-1,-1,-1,-1,-1,-1,-1,-1,-1,-1,-1,-1,-1,-1,-1,-1,-1,-1,-1,-1,-1,-1,-1,-1,-1,-1,-1,-1,-1,-1,-1,-1,-1,-1,-1,-1,-1,-1,-1,-1,-1,-1,-1,-1,-1,-1,-1,-1,-1,-1,232
102,419,-1,-1,-1,-1,-1,-1,-1,-1,-1,-1,491,492,493,447,494,-1,-1,-1,-1,-1,-1,-1,-1,-1,-1,-1,212,259,-1,-1,-1,-1,-1,-1,-1,-1,-1,-1,-1,-1,-1,-1,-1,-1,-1,-1,-1,-1,-1,235,-1,-1,-1,-1,-1,-1,-1,-1,-1,-1,-1,-1,-1,-1,-1,-1,-1,-1,-1,-1,-1,-1,-1,-1,-1,-1,-1,-1,-1,-1,-1,-1,-1,-1,-1,-1,-1,-1,-1,-1,-1,-1,-1,-1,-1,-1,-1,-1,-1,-1,183,211,184,211,184,211,184,211,184,211,184,211,184,211,184,211,184,211
102,175,-1,-1,-1,-1,-1,-1,-1,-1,-1,-1,516,517,518,517,519,-1,-1,-1,-1,-1,-1,-1,-1,-1,-1,-1,-1,-1,212,-1,-1,-1,-1,-1,-1,-1,-1,-1,-1,-1,-1,-1,-1,-1,-1,-1,-1,-1,-1,260,-1,-1,-1,-1,-1,-1,-1,-1,-1,-1,-1,-1,-1,-1,-1,-1,-1,-1,-1,-1,-1,-1,-1,-1,-1,-1,-1,-1,-1,-1,-1,-1,-1,-1,-1,-1,-1,-1,-1,-1,-1,-1,-1,-1,-1,-1,-1,-1,-1,183,186,1293,209,209,209,209,209,209,209,209,209,209,209,209,209,209,209,209
102,102,175,-1,-1,232,-1,-1,-1,-1,-1,-1,541,542,543,542,544,-1,-1,-1,-1,-1,-1,-1,-1,-1,-1,-1,-1,-1,-1,212,259,259,259,-1,-1,-1,-1,-1,1318,-1,-1,-1,1293,-1,-1,-1,-1,-1,213,-1,-1,-1,-1,-1,-1,-1,-1,-1,-1,-1,-1,-1,-1,-1,-1,-1,-1,-1,-1,-1,-1,-1,-1,-1,-1,-1,-1,-1,-1,-1,-1,-1,-1,-1,-1,-1,-1,-1,-1,-1,-1,-1,-1,-1,-1,-1,-1,183,211,186,1318,-1,-1,-1,-1,-1,-1,-1,-1,-1,-1,-1,-1,-1,-1,-1,-1,-1
102,102,102,175,-1,-1,-1,-1,-1,-1,-1,-1,-1,-1,-1,-1,-1,-1,-1,-1,-1,-1,-1,-1,-1,-1,-1,-1,-1,-1,-1,-1,-1,-1,-1,212,259,259,259,259,259,259,259,259,259,259,259,259,259,213,-1,-1,-1,-1,-1,-1,-1,-1,-1,-1,-1,-1,-1,-1,-1,-1,-1,-1,-1,-1,-1,-1,-1,-1,-1,-1,-1,-1,-1,-1,-1,-1,-1,-1,-1,-1,-1,-1,-1,-1,-1,-1,183,211,184,211,184,211,184,186,209,628,234,-1,-1,-1,-1,-1,-1,-1,-1,-1,-1,-1,-1,-1,-1,-1,-1,-1
102,102,102,232,175,-1,-1,-1,-1,-1,-1,-1,-1,-1,-1,-1,-1,-1,-1,-1,-1,-1,-1,-1,-1,-1,-1,-1,-1,-1,-1,-1,-1,-1,-1,-1,-1,-1,-1,-1,-1,-1,-1,-1,-1,-1,-1,-1,-1,-1,-1,-1,-1,-1,-1,-1,-1,-1,-1,-1,-1,-1,-1,-1,-1,-1,-1,-1,-1,-1,-1,-1,-1,-1,-1,-1,-1,-1,-1,-1,-1,-1,183,211,184,211,184,211,184,211,211,184,186,1293,1318,209,209,209,209,-1,-1,-1,-1,-1,-1,-1,-1,-1,-1,-1,-1,-1,-1,-1,-1,-1,-1,-1,-1,-1
257,136,102,102,102,307,175,175,175,364,-1,-1,-1,-1,-1,-1,-1,-1,-1,-1,-1,-1,-1,-1,-1,-1,-1,-1,-1,-1,-1,-1,-1,-1,-1,-1,-1,-1,-1,-1,-1,-1,-1,-1,-1,-1,-1,-1,-1,-1,-1,-1,-1,-1,-1,-1,-1,-1,-1,-1,-1,-1,-1,-1,-1,-1,-1,-1,-1,-1,-1,-1,-1,-1,-1,-1,-1,-1,-1,-1,-1,183,186,209,209,209,209,209,209,209,209,209,-1,-1,-1,-1,-1,-1,-1,-1,-1,-1,-1,-1,-1,-1,-1,-1,-1,-1,-1,-1,-1,-1,-1,-1,-1,-1,-1,-1
102,102,102,102,102,102,38,39,40,419,-1,-1,-1,-1,-1,-1,-1,-1,-1,-1,-1,-1,-1,-1,-1,-1,-1,-1,-1,-1,-1,-1,-1,-1,-1,-1,-1,-1,-1,-1,-1,-1,-1,-1,-1,-1,-1,-1,-1,-1,-1,-1,-1,-1,-1,-1,-1,-1,-1,-1,-1,-1,-1,-1,-1,-1,-1,-1,-1,-1,-1,-1,-1,-1,-1,-1,-1,-1,-1,-1,183,186,628,-1,-1,-1,-1,-1,-1,-1,234,234,-1,-1,-1,-1,-1,-1,-1,-1,-1,-1,-1,-1,-1,-1,-1,-1,-1,-1,-1,-1,-1,-1,-1,-1,-1,-1,-1,-1
102,102,102,102,102,102,63,64,65,394,-1,-1,-1,-1,-1,-1,-1,-1,-1,-1,-1,-1,-1,-1,-1,-1,-1,-1,-1,-1,-1,-1,-1,-1,-1,-1,-1,-1,-1,-1,-1,-1,-1,-1,-1,-1,-1,-1,-1,-1,-1,-1,-1,-1,-1,-1,-1,-1,-1,-1,-1,-1,-1,-1,-1,-1,-1,-1,-1,-1,-1,-1,-1,-1,-1,-1,-1,-1,-1,183,186,-1,-1,-1,-1,-1,-1,-1,-1,-1,234,234,-1,-1,-1,-1,-1,-1,-1,-1,-1,-1,-1,-1,-1,-1,-1,-1,-1,-1,-1,-1,-1,-1,-1,-1,-1,-1,-1,-1
102,102,102,102,102,102,102,102,102,419,-1,-1,-1,-1,-1,-1,-1,-1,-1,-1,-1,-1,-1,-1,-1,-1,-1,-1,-1,-1,-1,-1,-1,-1,-1,-1,-1,-1,-1,-1,-1,-1,-1,-1,-1,-1,-1,-1,-1,-1,-1,-1,-1,-1,-1,-1,-1,-1,-1,-1,-1,-1,-1,-1,-1,-1,-1,-1,-1,-1,-1,-1,-1,-1,-1,-1,-1,-1,183,186,1318,-1,-1,-1,-1,-1,-1,-1,-1,-1,-1,-1,-1,-1,-1,-1,-1,-1,-1,-1,-1,-1,-1,-1,-1,-1,-1,-1,-1,-1,-1,-1,-1,-1,-1,-1,-1,-1,-1,-1
102,102,102,102,394,102,102,102,102,394,-1,-1,-1,-1,-1,-1,-1,-1,-1,-1,-1,-1,-1,-1,-1,-1,-1,-1,-1,-1,-1,-1,-1,-1,-1,-1,-1,-1,-1,-1,-1,-1,-1,-1,-1,-1,-1,-1,-1,-1,-1,-1,-1,-1,-1,-1,-1,-1,-1,-1,-1,-1,-1,-1,-1,-1,-1,-1,-1,-1,-1,-1,-1,-1,-1,-1,-1,183,186,-1,-1,-1,-1,-1,-1,-1,-1,-1,-1,-1,-1,-1,-1,-1,-1,-1,-1,-1,-1,-1,-1,-1,-1,-1,-1,-1,-1,-1,-1,-1,-1,-1,-1,-1,-1,-1,-1,-1,-1,-1
102,102,102,102,419,102,102,102,232,419,-1,-1,-1,-1,-1,-1,-1,-1,-1,-1,-1,-1,-1,-1,-1,-1,-1,-1,-1,-1,-1,-1,-1,-1,-1,-1,-1,-1,-1,-1,-1,-1,-1,-1,-1,-1,-1,-1,-1,-1,-1,-1,-1,-1,-1,-1,-1,-1,-1,-1,-1,-1,-1,-1,-1,-1,-1,-1,-1,-1,-1,-1,-1,-1,-1,-1,-1,208,-1,-1,-1,-1,-1,309,259,259,259,259,308,-1,-1,-1,-1,-1,-1,-1,-1,-1,-1,-1,-1,-1,-1,-1,-1,-1,-1,-1,-1,-1,-1,-1,-1,-1,-1,-1,-1,-1,-1,-1
102,102,102,102,394,102,102,102,102,394,-1,-1,-1,-1,-1,-1,-1,-1,-1,-1,-1,-1,-1,-1,-1,-1,-1,-1,-1,-1,-1,-1,-1,-1,-1,-1,-1,-1,-1,-1,-1,-1,-1,-1,-1,-1,-1,-1,-1,-1,-1,-1,-1,-1,-1,-1,-1,-1,-1,-1,-1,-1,-1,-1,-1,-1,-1,-1,-1,-1,-1,-1,-1,-1,-1,-1,-1,233,-1,-1,-1,-1,309,260,-1,-1,-1,-1,258,308,-1,-1,-1,-1,-1,-1,-1,-1,-1,-1,-1,-1,-1,-1,1318,1293,259,259,259,259,259,259,259,259,259,259,259,259,259,-1
102,102,102,102,364,102,102,102,102,364,-1,-1,-1,-1,-1,-1,-1,-1,-1,-1,-1,-1,-1,-1,-1,-1,-1,-1,-1,-1,-1,-1,-1,-1,-1,-1,-1,-1,-1,-1,-1,-1,-1,-1,-1,-1,-1,-1,-1,-1,-1,-1,-1,-1,-1,-1,-1,-1,-1,-1,-1,-1,-1,-1,-1,-1,-1,-1,-1,-1,-1,-1,-1,-1,-1,-1,-1,779,780,781,780,781,782,-1,-1,-1,-1,-1,-1,233,-1,-1,-1,-1,-1,-1,-1,-1,-1,-1,-1,-1,-1,309,259,213,102,102,102,102,102,102,413,414,102,102,102,102,102,102
102,102,102,102,102,102,102,102,102,412,-1,-1,-1,-1,-1,-1,-1,-1,-1,-1,-1,-1,-1,-1,-1,-1,-1,-1,-1,-1,-1,-1,-1,-1,-1,-1,-1,-1,-1,-1,-1,-1,-1,-1,-1,-1,-1,-1,-1,-1,-1,-1,-1,-1,-1,-1,-1,-1,-1,-1,-1,-1,-1,-1,-1,-1,-1,-1,-1,-1,-1,-1,-1,-1,-1,-1,183,283,-1,-1,-1,-1,235,-1,-1,-1,-1,-1,-1,233,-1,-1,-1,-1,-1,-1,-1,-1,-1,-1,-1,259,259,260,-1,102,102,-1,-1,437,415,102,143,144,102,102,102,102,232,102
102,102,307,102,102,394,-1,-1,175,-1,175,-1,-1,-1,-1,-1,-1,-1,-1,-1,-1,-1,-1,-1,-1,-1,-1,-1,-1,-1,-1,-1,-1,-1,-1,-1,-1,-1,-1,-1,-1,-1,-1,-1,-1,-1,-1,-1,-1,-1,-1,-1,-1,-1,-1,-1,-1,-1,-1,-1,-1,-1,183,211,184,211,184,211,184,184,211,184,211,184,211,184,186,-1,-1,-1,-1,-1,235,-1,-1,-1,-1,-1,-1,233,-1,-1,-1,-1,309,259,259,308,-1,-1,213,-1,-1,-1,102,102,102,-1,437,-1,102,102,168,169,102,102,-1,-1,-1,232
102,102,102,102,102,419,102,102,-1,175,175,175,175,-1,-1,-1,-1,-1,-1,-1,-1,-1,-1,-1,-1,-1,-1,-1,-1,-1,-1,-1,-1,-1,-1,-1,-1,-1,-1,-1,-1,-1,-1,-1,-1,-1,-1,-1,-1,-1,-1,-1,-1,-1,-1,-1,-1,-1,-1,-1,183,211,186,-1,-1,-1,-1,-1,-1,-1,1293,1318,209,209,209,209,-1,-1,-1,-1,-1,-1,284,184,185,-1,183,809,809,283,-1,-1,-1,259,260,-1,-1,258,259,213,-1,-1,-1,-1,102,102,232,437,-1,-1,102,102,102,102,102,102,-1,-1,-1,102
102,102,102,102,102,444,102,102,102,102,102,102,175,175,-1,-1,-1,-1,-1,-1,-1,-1,-1,-1,-1,-1,-1,-1,-1,-1,-1,-1,-1,-1,-1,-1,-1,-1,-1,-1,-1,-1,-1,-1,-1,-1,-1,-1,-1,-1,-1,-1,-1,-1,-1,-1,-1,-1,183,211,186,-1,-1,-1,-1,-1,-1,-1,-1,-1,-1,-1,-1,-1,-1,-1,-1,-1,-1,-1,-1,-1,-1,209,284,184,186,859,860,-1,-1,1318,213,-1,-1,-1,-1,-1,-1,-1,386,-1,102,102,102,102,437,-1,-1,-1,102,-1,-1,102,102,102,63,64,65,102
102,102,102,342,368,469,102,102,102,102,102,102,102,175,419,-1,-1,-1,-1,-1,-1,-1,-1,-1,-1,-1,-1,-1,-1,-1,-1,-1,-1,-1,-1,-1,-1,-1,-1,-1,-1,-1,-1,-1,-1,-1,-1,-1,-1,-1,-1,-1,-1,-1,-1,-1,183,184,186,-1,-1,-1,-1,-1,-1,-1,-1,-1,-1,-1,-1,-1,-1,-1,-1,-1,-1,-1,-1,-1,-1,-1,-1,-1,-1,209,209,910,885,-1,1293,238,-1,-1,-1,-1,-1,-1,-1,-1,386,136,102,102,102,437,102,-1,136,-1,102,113,114,102,102,102,102,102,102,102
102,342,368,367,393,494,102,102,143,144,102,102,102,102,394,-1,-1,-1,-1,-1,-1,-1,-1,-1,-1,-1,-1,-1,-1,-1,-1,-1,-1,-1,-1,-1,-1,-1,-1,-1,-1,-1,-1,-1,-1,-1,-1,-1,-1,-1,-1,-1,-1,-1,183,211,186,-1,-1,-1,-1,-1,-1,-1,-1,-1,-1,-1,-1,-1,-1,-1,-1,-1,-1,-1,-1,-1,-1,-1,-1,-1,-1,-1,-1,-1,-1,859,860,309,259,260,-1,-1,-1,-1,-1,-1,-1,-1,411,437,-1,413,414,415,102,-1,-1,-1,102,102,102,102,175,175,175,175,175,175
295,367,393,392,418,519,102,102,168,169,102,102,102,102,419,-1,-1,-1,-1,-1,-1,-1,-1,-1,-1,-1,-1,-1,-1,-1,-1,-1,-1,-1,-1,-1,-1,-1,-1,-1,-1,-1,-1,-1,-1,-1,-1,-1,-1,-1,-1,-1,183,184,186,-1,-1,-1,-1,-1,-1,-1,-1,-1,-1,-1,-1,-1,-1,-1,-1,-1,-1,-1,-1,-1,-1,-1,-1,-1,-1,-1,-1,-1,-1,-1,-1,884,884,260,-1,-1,-1,-1,232,-1,-1,-1,-1,-1,436,257,102,102,102,102,102,-1,-1,-1,102,102,102,175,102,102,102,102,102,102
320,392,448,417,443,544,102,102,102,102,102,102,102,102,444,-1,-1,-1,-1,-1,-1,-1,-1,-1,-1,-1,-1,-1,-1,-1,-1,-1,-1,-1,-1,-1,-1,-1,-1,-1,-1,-1,-1,-1,-1,-1,-1,-1,-1,183,184,211,186,-1,-1,-1,-1,-1,-1,-1,-1,-1,-1,-1,-1,-1,-1,-1,-1,-1,-1,-1,-1,-1,-1,-1,-1,-1,-1,-1,-1,-1,-1,-1,-1,-1,238,-1,-1,-1,-1,-1,-1,-1,-1,-1,-1,-1,-1,-1,175,102,102,-1,-1,102,102,-1,-1,102,102,415,175,-1,102,102,102,102,102,102
345,417,443,442,102,102,102,102,102,102,102,102,342,368,469,-1,-1,-1,-1,-1,-1,-1,-1,-1,-1,-1,-1,-1,-1,-1,-1,-1,-1,-1,-1,232,-1,-1,-1,-1,-1,-1,-1,-1,-1,-1,183,211,184,186,-1,-1,-1,-1,-1,-1,-1,-1,-1,-1,-1,-1,-1,-1,-1,-1,-1,-1,-1,-1,-1,-1,-1,-1,-1,-1,-1,-1,-1,-1,-1,-1,-1,-1,309,259,260,-1,-1,-1,-1,-1,-1,-1,-1,-1,-1,-1,-1,-1,175,102,102,113,114,-1,-1,-1,-1,414,415,175,113,114,102,102,102,102,102,102
370,442,102,102,102,102,102,102,102,102,342,368,367,447,494,-1,-1,-1,-1,-1,-1,-1,-1,-1,-1,-1,-1,-1,-1,-1,-1,-1,-1,-1,-1,-1,-1,-1,-1,-1,-1,-1,-1,-1,183,184,186,-1,-1,-1,-1,-1,-1,-1,-1,-1,-1,-1,-1,-1,-1,-1,-1,-1,-1,-1,-1,-1,-1,-1,-1,-1,-1,-1,-1,259,259,259,259,-1,-1,-1,-1,-1,260,-1,-1,-1,-1,-1,-1,-1,-1,-1,-1,-1,175,175,175,175,-1,102,102,102,102,391,175,175,175,175,175,102,102,102,102,102,102,102,136,102
102,102,102,102,102,102,102,102,342,368,367,393,392,418,519,-1,-1,-1,-1,-1,-1,-1,-1,-1,-1,-1,-1,-1,-1,-1,-1,-1,-1,-1,-1,-1,-1,-1,-1,-1,-1,183,211,184,186,-1,-1,-1,-1,-1,-1,-1,-1,-1,-1,-1,-1,-1,-1,-1,-1,-1,-1,-1,-1,-1,-1,-1,-1,259,259,259,259,259,213,-1,-1,-1,-1,212,259,259,259,213,-1,-1,-1,-1,-1,-1,-1,-1,-1,-1,-1,391,-1,-1,-1,-1,102,102,102,102,102,416,102,126,102,63,64,65,102,307,102,102,102,102,102,102
257,102,351,102,102,102,294,295,367,393,392,418,417,443,544,-1,-1,-1,-1,-1,-1,-1,-1,-1,-1,-1,-1,-1,-1,-1,-1,-1,-1,-1,-1,-1,-1,-1,-1,183,184,186,-1,-1,-1,-1,-1,-1,-1,-1,-1,-1,-1,-1,-1,-1,-1,-1,-1,-1,-1,-1,-1,-1,-1,-1,-1,259,213,-1,-1,-1,-1,-1,-1,-1,-1,-1,-1,-1,-1,-1,-1,-1,-1,-1,-1,-1,-1,-1,-1,-1,-1,-1,-1,416,-1,-1,-1,-1,102,102,102,307,102,441,102,102,102,102,102,102,102,102,102,136,102,232,-1,102
102,102,102,102,102,102,319,320,392,448,417,443,442,-1,-1,-1,-1,-1,-1,-1,-1,-1,-1,-1,-1,-1,-1,-1,-1,-1,-1,-1,-1,-1,-1,-1,-1,183,184,186,-1,-1,-1,-1,-1,-1,-1,-1,-1,-1,-1,-1,-1,-1,-1,-1,-1,-1,-1,-1,-1,-1,-1,-1,-1,259,213,-1,-1,-1,-1,-1,-1,-1,-1,-1,-1,-1,-1,-1,-1,-1,-1,-1,-1,-1,-1,-1,-1,-1,-1,-1,-1,-1,-1,391,-1,63,64,65,102,-1,102,102,102,466,467,468,464,440,-1,129,102,102,102,102,102,102,102,102
102,102,102,102,102,102,344,345,417,443,442,-1,-1,-1,-1,-1,-1,-1,-1,-1,-1,-1,-1,-1,-1,-1,-1,-1,-1,-1,-1,-1,-1,-1,-1,183,211,186,-1,-1,-1,-1,-1,-1,-1,-1,-1,-1,-1,-1,-1,-1,-1,-1,-1,-1,-1,-1,-1,-1,-1,-1,-1,-1,238,-1,-1,-1,-1,-1,-1,-1,-1,-1,-1,-1,-1,-1,-1,-1,-1,-1,-1,-1,-1,-1,-1,-1,-1,-1,-1,-1,-1,-1,-1,416,143,144,102,102,102,129,102,102,102,491,492,493,489,465,464,440,102,102,102,102,102,102,102,102
102,102,102,102,102,102,369,370,442,-1,-1,-1,-1,-1,-1,-1,-1,-1,-1,-1,-1,-1,-1,-1,-1,-1,-1,-1,-1,-1,-1,-1,-1,183,184,186,-1,-1,-1,-1,-1,-1,-1,-1,-1,-1,-1,-1,-1,-1,-1,-1,-1,-1,-1,-1,-1,-1,-1,-1,-1,-1,-1,-1,235,-1,-1,-1,-1,-1,-1,-1,-1,-1,-1,-1,-1,-1,-1,-1,-1,-1,-1,-1,-1,-1,-1,-1,-1,-1,-1,-1,-1,-1,-1,391,168,169,102,102,102,102,102,129,102,516,517,518,448,490,489,465,467,468,290,291,102,102,102,102
102,102,102,102,102,102,394,-1,-1,-1,-1,-1,-1,-1,-1,-1,-1,-1,-1,-1,-1,-1,-1,-1,-1,-1,-1,-1,-1,-1,-1,183,184,186,-1,-1,1318,-1,-1,-1,-1,-1,-1,-1,-1,-1,-1,-1,-1,-1,-1,-1,-1,-1,-1,-1,-1,-1,-1,-1,-1,-1,-1,-1,235,-1,-1,-1,-1,-1,-1,-1,-1,-1,-1,-1,-1,-1,-1,-1,-1,-1,-1,-1,-1,-1,-1,-1,-1,-1,-1,-1,-1,-1,-1,391,102,102,102,102,102,257,102,102,102,541,542,543,539,515,514,490,492,493,315,316,102,102,102,102
102,102,102,307,102,102,419,-1,-1,-1,-1,-1,-1,-1,-1,-1,-1,-1,-1,-1,-1,-1,-1,-1,-1,-1,-1,-1,-1,183,211,186,-1,-1,-1,-1,-1,-1,-1,-1,-1,-1,-1,-1,-1,-1,-1,-1,-1,-1,-1,-1,-1,1293,1318,-1,259,259,259,259,-1,-1,-1,-1,235,-1,-1,-1,-1,-1,-1,-1,-1,-1,-1,-1,-1,-1,-1,-1,-1,-1,-1,-1,-1,-1,-1,-1,-1,-1,-1,-1,-1,-1,-1,416,102,102,102,102,102,102,102,-1,-1,102,102,102,102,540,539,515,517,518,340,341,102,102,136,102
102,102,102,102,102,102,394,-1,-1,-1,-1,-1,-1,-1,-1,-1,-1,-1,-1,-1,-1,-1,-1,-1,-1,-1,-1,183,184,186,-1,-1,-1,-1,-1,-1,-1,-1,-1,-1,-1,-1,-1,-1,-1,-1,-1,-1,-1,-1,-1,-1,-1,259,259,213,-1,-1,-1,-1,212,-1,-1,-1,235,-1,-1,-1,-1,-1,-1,-1,-1,-1,-1,-1,-1,-1,-1,-1,-1,-1,-1,-1,-1,-1,-1,-1,-1,-1,-1,-1,-1,-1,-1,441,102,102,102,126,102,102,102,113,114,102,307,102,102,-1,-1,540,542,543,365,366,102,102,102,102
102,102,102,102,102,102,419,-1,-1,-1,-1,-1,-1,-1,-1,-1,-1,-1,-1,-1,-1,-1,-1,-1,-1,183,211,186,-1,-1,-1,-1,-1,-1,-1,-1,-1,-1,-1,-1,-1,-1,-1,-1,-1,-1,-1,-1,-1,259,259,259,213,-1,-1,-1,-1,-1,-1,-1,-1,212,-1,-1,284,185,-1,-1,-1,-1,-1,-1,-1,-1,-1,-1,-1,-1,-1,-1,-1,-1,-1,-1,-1,-1,-1,-1,-1,-1,-1,-1,-1,-1,-1,445,467,468,464,440,102,102,102,102,102,102,-1,102,102,-1,-1,-1,102,102,102,441,102,102,257,102
102,102,102,102,102,102,444,-1,-1,-1,-1,-1,-1,-1,-1,-1,-1,-1,-1,-1,-1,-1,-1,183,184,186,1293,-1,-1,-1,-1,-1,-1,-1,-1,-1,-1,-1,-1,-1,-1,-1,-1,-1,-1,259,259,259,213,-1,-1,-1,-1,-1,-1,-1,-1,-1,-1,-1,-1,-1,237,-1,-1,235,-1,-1,-1,-1,-1,-1,-1,-1,-1,-1,-1,-1,-1,-1,-1,-1,-1,-1,-1,-1,-1,-1,-1,-1,-1,-1,-1,-1,-1,491,492,493,489,465,467,468,467,468,290,291,-1,-1,102,102,102,102,102,102,102,445,290,291,102,102
102,102,102,102,342,368,469,-1,-1,-1,-1,-1,-1,-1,-1,-1,-1,-1,-1,-1,-1,-1,183,186,-1,-1,-1,-1,-1,-1,-1,-1,-1,-1,-1,-1,-1,-1,-1,-1,-1,-1,259,259,213,-1,-1,-1,-1,-1,-1,-1,-1,-1,-1,-1,-1,-1,-1,-1,-1,-1,779,780,780,782,-1,-1,-1,-1,-1,-1,-1,-1,-1,-1,-1,-1,-1,-1,-1,-1,-1,-1,-1,-1,-1,-1,-1,-1,-1,-1,-1,-1,-1,516,517,518,448,490,492,447,492,493,315,316,-1,-1,102,-1,143,144,102,102,102,491,315,316,102,102
102,102,342,368,367,393,494,-1,-1,-1,-1,-1,-1,-1,-1,-1,-1,-1,-1,-1,-1,-1,233,-1,-1,-1,-1,-1,-1,-1,-1,-1,-1,-1,-1,-1,-1,-1,-1,-1,259,213,-1,-1,-1,-1,-1,-1,-1,-1,-1,-1,-1,-1,-1,-1,-1,-1,-1,-1,-1,-1,233,-1,-1,235,-1,-1,-1,-1,-1,-1,-1,-1,-1,-1,-1,-1,-1,-1,-1,-1,-1,-1,-1,-1,-1,-1,-1,-1,-1,-1,-1,-1,-1,541,542,543,539,515,517,518,517,518,340,341,-1,-1,-1,102,168,169,102,102,102,516,340,341,102,102
467,468,367,393,392,418,519,-1,-1,-1,-1,-1,-1,-1,-1,-1,-1,-1,-1,-1,-1,183,186,-1,-1,-1,-1,-1,-1,-1,-1,-1,-1,-1,-1,-1,-1,-1,-1,213,-1,-1,-1,-1,-1,-1,-1,-1,-1,-1,-1,-1,-1,-1,-1,-1,-1,-1,-1,-1,-1,-1,233,-1,-1,284,185,-1,-1,-1,-1,-1,-1,-1,-1,-1,-1,-1,-1,-1,-1,-1,-1,-1,-1,-1,-1,-1,-1,-1,-1,-1,-1,-1,-1,-1,-1,-1,-1,540,542,543,542,543,365,366,129,102,102,102,102,-1,-1,102,102,541,365,366,102,102
80,493,392,418,417,443,544,-1,-1,-1,-1,-1,-1,-1,-1,-1,-1,-1,-1,-1,-1,233,-1,-1,-1,-1,-1,-1,-1,-1,-1,-1,-1,-1,-1,-1,-1,-1,213,-1,-1,-1,-1,-1,-1,-1,-1,-1,-1,-1,-1,-1,-1,-1,-1,-1,-1,-1,-1,-1,-1,-1,233,-1,-1,-1,235,-1,-1,-1,-1,-1,-1,-1,-1,-1,-1,-1,-1,-1,-1,-1,-1,-1,-1,-1,-1,-1,-1,-1,-1,-1,-1,-1,-1,-1,-1,-1,-1,-1,-1,-1,-1,-1,-1,441,102,102,102,102,102,113,114,102,102,102,102,391,102,102
399,518,492,34,371,-1,-1,-1,-1,-1,-1,-1,-1,-1,-1,-1,-1,232,-1,-1,-1,233,-1,-1,-1,-1,-1,-1,-1,-1,-1,-1,-1,-1,-1,-1,-1,238,-1,-1,-1,-1,-1,-1,-1,-1,-1,-1,-1,-1,-1,-1,-1,-1,-1,-1,-1,-1,-1,-1,-1,-1,233,1318,-1,-1,235,-1,-1,-1,-1,-1,-1,-1,-1,-1,-1,-1,-1,-1,-1,-1,-1,-1,-1,-1,-1,-1,-1,-1,-1,-1,-1,-1,-1,-1,-1,-1,-1,-1,-1,-1,-1,-1,-1,466,464,440,102,257,102,102,102,102,102,102,102,416,102,102
102,812,493,492,812,-1,-1,-1,-1,-1,-1,-1,-1,-1,-1,-1,-1,-1,-1,-1,-1,233,-1,-1,-1,-1,-1,-1,-1,-1,-1,-1,-1,-1,-1,-1,-1,235,-1,-1,-1,-1,-1,-1,-1,-1,-1,-1,-1,-1,-1,-1,-1,-1,-1,-1,-1,-1,-1,-1,-1,-1,233,-1,-1,-1,235,-1,-1,-1,-1,-1,-1,-1,-1,-1,-1,-1,-1,-1,-1,-1,-1,-1,-1,-1,-1,-1,-1,-1,-1,-1,-1,-1,-1,-1,-1,-1,-1,-1,-1,-1,-1,-1,-1,491,489,465,464,440,102,102,232,102,-1,102,102,391,63,64
102,444,518,517,747,-1,-1,-1,-1,-1,-1,-1,-1,-1,-1,-1,-1,-1,-1,-1,-1,233,-1,-1,-1,-1,-1,-1,-1,-1,-1,-1,-1,-1,-1,-1,-1,235,-1,-1,-1,-1,-1,-1,-1,-1,-1,-1,-1,-1,-1,-1,-1,-1,-1,-1,-1,-1,-1,-1,-1,-1,233,-1,-1,-1,284,185,-1,-1,-1,-1,-1,-1,-1,-1,-1,-1,-1,-1,-1,-1,-1,-1,-1,-1,-1,-1,-1,-1,-1,-1,-1,-1,-1,-1,-1,-1,-1,-1,-1,-1,-1,-1,-1,516,514,490,489,465,464,440,102,102,136,102,102,416,102,102
468,469,492,447,7,747,-1,-1,-1,-1,-1,-1,-1,-1,-1,-1,-1,-1,-1,-1,-1,233,-1,-1,-1,-1,-1,-1,-1,-1,-1,-1,-1,-1,-1,-1,-1,284,185,-1,-1,-1,-1,-1,-1,-1,-1,-1,-1,-1,-1,-1,-1,-1,-1,-1,-1,-1,-1,-1,-1,-1,233,-1,-1,-1,-1,235,-1,-1,-1,-1,-1,-1,-1,-1,-1,-1,-1,-1,-1,-1,-1,-1,-1,-1,-1,-1,-1,-1,-1,-1,-1,-1,-1,-1,-1,-1,-1,-1,-1,-1,-1,-1,-1,541,539,515,514,490,489,465,290,291,102,307,102,391,102,102
518,518,493,493,23,465,747,-1,-1,-1,-1,-1,-1,-1,-1,-1,-1,-1,-1,-1,-1,233,-1,-1,-1,-1,-1,-1,-1,-1,-1,-1,-1,-1,-1,-1,-1,-1,284,185,-1,-1,-1,-1,-1,-1,-1,-1,-1,-1,-1,-1,-1,-1,-1,-1,-1,-1,-1,-1,-1,-1,233,-1,-1,-1,-1,235,-1,-1,-1,-1,-1,-1,-1,-1,-1,-1,-1,-1,-1,-1,-1,-1,-1,-1,-1,-1,-1,-1,-1,-1,-1,-1,-1,-1,-1,-1,-1,-1,-1,-1,-1,-1,-1,-1,-1,540,539,515,448,490,315,316,102,102,102,441,102,102
518,492,518,71,70,23,465,291,-1,-1,-1,-1,-1,-1,-1,-1,-1,-1,-1,-1,-1,258,-1,-1,-1,-1,-1,-1,-1,-1,-1,-1,-1,-1,-1,-1,-1,-1,-1,284,809,809,185,-1,-1,-1,-1,-1,-1,-1,-1,-1,-1,-1,-1,-1,-1,-1,-1,-1,-1,-1,233,-1,-1,-1,-1,235,-1,-1,-1,-1,-1,-1,-1,-1,-1,-1,-1,-1,-1,-1,-1,-1,-1,-1,-1,-1,-1,-1,-1,-1,-1,-1,-1,-1,-1,-1,-1,-1,-1,-1,-1,-1,-1,-1,-1,-1,-1,540,539,515,340,341,102,-1,-1,466,467,468
518,518,489,518,847,69,80,416,-1,-1,-1,-1,-1,-1,-1,-1,-1,-1,-1,-1,-1,-1,237,-1,-1,-1,-1,-1,-1,-1,-1,-1,-1,-1,-1,-1,-1,-1,-1,-1,910,885,284,184,211,185,-1,-1,-1,-1,-1,-1,-1,-1,-1,-1,-1,-1,-1,-1,-1,-1,233,-1,-1,-1,-1,235,-1,-1,-1,-1,-1,-1,-1,-1,-1,-1,-1,-1,-1,-1,-1,-1,-1,-1,-1,-1,-1,-1,-1,-1,-1,-1,-1,-1,-1,-1,-1,-1,-1,-1,-1,-1,-1,-1,-1,-1,-1,-1,-1,540,365,366,-1,-1,-1,491,447,493
518,489,448,70,22,515,518,391,-1,-1,-1,-1,-1,-1,-1,-1,-1,-1,-1,-1,-1,-1,258,-1,-1,-1,-1,-1,-1,-1,-1,-1,-1,-1,-1,-1,259,259,-1,-1,859,860,-1,-1,-1,284,211,184,185,-1,-1,-1,-1,-1,-1,-1,-1,-1,-1,-1,-1,-1,233,-1,-1,-1,-1,235,-1,-1,-1,-1,-1,-1,-1,-1,-1,-1,-1,-1,-1,-1,-1,-1,-1,-1,-1,-1,-1,-1,-1,-1,-1,-1,-1,-1,-1,-1,-1,-1,-1,-1,-1,-1,-1,-1,-1,-1,-1,-1,-1,-1,-1,391,113,114,-1,516,517,518
518,518,2,518,69,22,515,416,-1,-1,-1,-1,-1,-1,-1,-1,-1,-1,-1,-1,-1,-1,-1,212,-1,1293,-1,-1,-1,-1,-1,-1,-1,-1,-1,238,-1,-1,212,259,884,884,-1,-1,-1,-1,-1,-1,284,184,184,211,185,-1,-1,-1,-1,-1,-1,-1,-1,183,186,-1,-1,-1,-1,260,-1,-1,-1,-1,-1,-1,-1,-1,-1,-1,-1,-1,-1,-1,-1,-1,-1,-1,-1,-1,-1,-1,-1,-1,-1,-1,-1,-1,-1,-1,-1,-1,-1,-1,-1,-1,-1,-1,-1,-1,-1,-1,-1,-1,-1,416,102,102,-1,541,542,543
542,543,543,523,399,55,39,391,-1,-1,-1,-1,-1,-1,-1,-1,-1,-1,-1,-1,-1,-1,-1,-1,212,259,-1,-1,-1,-1,-1,-1,-1,-1,-1,235,-1,-1,-1,-1,-1,-1,237,-1,-1,-1,-1,1293,-1,-1,-1,-1,284,184,211,185,-1,-1,-1,-1,183,186,-1,-1,-1,-1,238,-1,-1,-1,-1,-1,129,-1,-1,-1,-1,-1,-1,-1,-1,-1,-1,-1,-1,-1,-1,-1,-1,-1,-1,-1,-1,-1,-1,-1,-1,-1,-1,-1,-1,-1,-1,-1,-1,-1,-1,-1,-1,-1,-1,-1,-1,391,102,102,143,144,102,102
-1,-1,102,102,102,922,55,416,-1,-1,-1,-1,-1,-1,-1,-1,-1,-1,-1,-1,-1,-1,-1,-1,-1,-1,212,259,-1,-1,-1,-1,-1,-1,-1,284,185,-1,-1,-1,-1,-1,233,-1,-1,-1,-1,-1,-1,-1,-1,-1,-1,-1,-1,284,185,-1,-1,183,186,-1,-1,-1,-1,-1,235,391,232,-1,-1,-1,-1,-1,-1,-1,-1,-1,-1,-1,-1,-1,-1,-1,-1,-1,-1,-1,-1,-1,-1,-1,-1,-1,-1,-1,-1,-1,-1,-1,-1,-1,-1,-1,-1,-1,-1,-1,-1,-1,-1,-1,-1,441,102,102,168,169,102,102
-1,-1,1549,102,1499,102,922,391,-1,-1,-1,-1,-1,-1,-1,-1,-1,-1,-1,-1,-1,-1,-1,-1,-1,-1,-1,-1,212,259,-1,-1,-1,-1,-1,-1,284,809,809,184,211,211,186,-1,-1,-1,-1,-1,-1,-1,-1,-1,-1,-1,-1,-1,235,-1,-1,233,-1,-1,-1,-1,-1,-1,235,416,-1,-1,-1,-1,-1,-1,-1,-1,-1,-1,-1,-1,-1,-1,-1,-1,-1,-1,-1,-1,-1,-1,-1,-1,-1,-1,-1,-1,-1,-1,-1,-1,-1,-1,-1,-1,-1,-1,-1,-1,-1,-1,-1,-1,-1,466,464,440,257,102,-1,-1
102,102,102,102,102,102,102,416,-1,232,-1,-1,-1,-1,-1,-1,-1,-1,-1,-1,-1,-1,-1,-1,-1,-1,-1,-1,-1,-1,212,259,259,-1,-1,-1,-1,859,860,102,-1,-1,-1,-1,-1,-1,-1,-1,-1,-1,-1,-1,-1,-1,-1,-1,284,185,-1,233,-1,-1,-1,-1,-1,-1,260,415,-1,-1,-1,-1,-1,-1,-1,-1,-1,-1,-1,-1,-1,-1,-1,-1,-1,-1,-1,-1,-1,-1,-1,-1,-1,-1,-1,-1,-1,-1,-1,-1,-1,-1,-1,-1,-1,-1,-1,-1,-1,-1,-1,-1,-1,491,489,465,290,291,113,114
211,184,185,102,102,102,102,391,-1,-1,-1,-1,-1,-1,-1,-1,-1,-1,-1,-1,-1,-1,-1,-1,-1,-1,-1,-1,-1,-1,-1,-1,-1,212,259,259,259,884,884,-1,-1,-1,-1,-1,-1,-1,-1,-1,-1,-1,-1,-1,-1,-1,-1,-1,-1,235,-1,233,-1,-1,-1,-1,-1,213,441,-1,-1,-1,-1,-1,-1,-1,-1,-1,-1,-1,-1,-1,-1,-1,-1,-1,-1,-1,-1,-1,-1,-1,-1,-1,-1,-1,-1,-1,-1,-1,-1,-1,-1,-1,-1,-1,-1,-1,-1,-1,-1,-1,-1,-1,-1,516,514,490,489,441,102,102
-1,-1,235,102,102,102,102,416,-1,-1,-1,-1,-1,-1,-1,-1,-1,-1,-1,-1,-1,-1,-1,-1,-1,-1,-1,-1,-1,-1,-1,-1,-1,-1,-1,-1,-1,-1,-1,212,259,259,-1,-1,-1,-1,-1,-1,-1,-1,-1,-1,-1,-1,-1,-1,-1,284,184,186,-1,-1,-1,-1,213,102,466,290,291,-1,-1,-1,-1,-1,-1,-1,-1,-1,-1,-1,-1,-1,-1,-1,-1,-1,-1,-1,-1,-1,-1,-1,-1,-1,-1,-1,-1,-1,-1,-1,-1,-1,-1,-1,-1,-1,-1,-1,-1,-1,-1,-1,-1,541,539,515,514,466,467,468
-1,-1,235,102,102,102,102,416,-1,-1,-1,-1,-1,-1,-1,-1,-1,-1,-1,-1,-1,-1,-1,-1,-1,-1,-1,-1,-1,-1,-1,-1,-1,-1,-1,-1,-1,-1,-1,-1,-1,-1,212,259,259,-1,-1,-1,-1,-1,-1,-1,-1,-1,-1,-1,-1,-1,-1,-1,-1,-1,-1,238,102,102,491,315,316,-1,-1,-1,-1,-1,-1,-1,-1,-1,-1,-1,-1,-1,-1,-1,-1,-1,-1,-1,-1,-1,-1,-1,-1,-1,-1,-1,-1,-1,-1,-1,-1,-1,-1,-1,-1,-1,-1,-1,-1,-1,-1,-1,-1,-1,-1,540,539,491,492,493
-1,-1,284,185,102,102,102,441,-1,-1,-1,-1,-1,-1,-1,-1,-1,-1,-1,-1,-1,-1,-1,-1,-1,-1,-1,-1,-1,-1,-1,-1,-1,-1,-1,-1,-1,-1,-1,-1,-1,-1,-1,-1,-1,212,259,259,-1,-1,-1,-1,-1,-1,-1,-1,-1,-1,-1,-1,-1,-1,-1,235,102,102,516,340,341,-1,-1,-1,-1,-1,-1,-1,-1,-1,-1,-1,-1,-1,-1,-1,-1,-1,-1,-1,-1,-1,-1,-1,-1,-1,-1,-1,-1,-1,-1,-1,-1,-1,-1,-1,-1,-1,-1,-1,-1,-1,-1,-1,-1,-1,-1,-1,-1,516,517,518
-1,-1,-1,235,102,102,102,466,747,-1,-1,-1,-1,-1,-1,-1,-1,-1,-1,-1,-1,-1,-1,-1,-1,-1,-1,-1,-1,-1,-1,-1,-1,-1,-1,-1,-1,-1,-1,-1,-1,-1,-1,-1,-1,-1,-1,-1,212,-1,-1,-1,-1,-1,-1,-1,-1,-1,-1,-1,-1,-1,-1,284,185,102,541,523,366,-1,-1,-1,-1,-1,-1,-1,-1,-1,-1,-1,-1,-1,-1,-1,-1,-1,-1,-1,-1,-1,-1,-1,-1,-1,-1,-1,-1,-1,-1,-1,-1,-1,-1,-1,-1,-1,-1,-1,-1,-1,-1,-1,-1,-1,-1,-1,-1,541,542,543
-1,-1,-1,235,102,102,102,491,465,747,-1,-1,-1,-1,-1,-1,-1,-1,-1,-1,-1,-1,-1,-1,-1,-1,-1,-1,-1,-1,-1,-1,1895,1896,1897,1898,1899,-1,-1,-1,-1,-1,-1,-1,-1,-1,-1,-1,-1,212,-1,-1,-1,-1,-1,-1,-1,-1,-1,-1,-1,-1,-1,-1,235,102,102,102,416,-1,-1,-1,-1,-1,-1,-1,-1,-1,-1,-1,-1,-1,-1,-1,-1,232,-1,-1,-1,-1,-1,-1,-1,-1,-1,-1,-1,-1,-1,-1,-1,-1,-1,-1,-1,-1,-1,-1,-1,-1,-1,-1,-1,-1,-1,-1,-1,-1,-1,425
-1,-1,-1,235,102,102,102,54,23,465,747,232,-1,-1,-1,-1,-1,-1,-1,-1,-1,-1,-1,-1,-1,-1,-1,-1,-1,-1,-1,-1,1920,1921,1922,1923,1924,-1,-1,-1,-1,-1,-1,-1,-1,-1,-1,-1,-1,-1,212,-1,-1,-1,-1,-1,-1,-1,-1,-1,-1,-1,-1,-1,284,185,102,102,391,-1,-1,-1,-1,-1,-1,-1,-1,-1,-1,-1,-1,-1,-1,-1,-1,-1,-1,-1,-1,-1,-1,-1,-1,-1,-1,-1,-1,-1,-1,-1,-1,-1,-1,-1,-1,-1,-1,-1,-1,-1,-1,-1,-1,-1,-1,-1,-1,-1,425,450
-1,-1,-1,235,102,102,102,54,518,23,7,747,-1,-1,-1,-1,-1,-1,-1,-1,-1,-1,-1,-1,-1,-1,-1,-1,-1,-1,1943,1944,1945,1946,1947,1948,1949,-1,-1,-1,-1,-1,-1,-1,-1,-1,-1,-1,-1,-1,389,212,-1,-1,-1,-1,-1,-1,-1,-1,-1,-1,-1,-1,-1,235,102,102,416,-1,-1,-1,-1,-1,-1,-1,-1,-1,-1,-1,-1,-1,-1,-1,-1,-1,-1,-1,-1,-1,-1,-1,-1,-1,-1,-1,-1,389,-1,-1,437,-1,-1,-1,-1,-1,-1,-1,-1,-1,-1,-1,-1,-1,-1,232,-1,425,367,475
-1,-1,-1,235,102,102,102,54,6,518,6,465,747,-1,-1,-1,-1,-1,-1,-1,-1,-1,-1,-1,-1,-1,-1,-1,-1,-1,1968,1969,1970,1971,1972,1973,1974,-1,-1,-1,-1,-1,-1,-1,-1,-1,-1,-1,-1,-1,394,102,237,-1,-1,-1,-1,-1,-1,-1,-1,-1,-1,-1,-1,235,102,102,391,-1,-1,-1,-1,-1,-1,-1,-1,-1,-1,-1,-1,-1,-1,-1,-1,-1,-1,-1,-1,-1,-1,-1,296,467,468,446,470,444,-1,-1,441,-1,-1,-1,-1,-1,-1,-1,-1,-1,-1,-1,-1,-1,-1,-1,425,450,392,518
-1,-1,-1,235,102,102,102,516,518,515,6,80,465,467,467,468,467,747,-1,-1,-1,-1,-1,-1,-1,-1,-1,-1,-1,-1,-1,-1,-1,-1,-1,-1,-1,-1,-1,-1,-1,-1,-1,-1,-1,-1,-1,-1,-1,-1,419,102,233,-1,-1,-1,-1,-1,-1,-1,-1,-1,-1,-1,-1,235,102,102,416,-1,-1,-1,-1,-1,-1,-1,-1,-1,-1,-1,-1,-1,-1,-1,-1,-1,-1,-1,-1,-1,-1,425,321,492,493,492,465,469,-1,-1,445,391,-1,-1,-1,-1,-1,-1,-1,-1,-1,-1,-1,-1,-1,425,367,475,417,489
-1,-1,-1,235,102,102,102,541,55,39,71,518,6,80,493,492,447,7,747,-1,-1,-1,-1,-1,-1,-1,-1,-1,-1,-1,-1,-1,-1,-1,-1,-1,-1,-1,-1,-1,-1,-1,-1,-1,-1,-1,-1,-1,-1,-1,394,102,233,-1,-1,-1,-1,-1,-1,-1,-1,-1,-1,-1,-1,284,185,102,391,232,-1,-1,-1,-1,-1,-1,-1,-1,-1,-1,-1,-1,-1,-1,-1,-1,-1,-1,-1,-1,425,450,447,1341,1344,1343,492,494,-1,-1,491,747,-1,-1,-1,-1,-1,-1,-1,-1,-1,-1,-1,-1,425,450,392,518,418,518
-1,-1,-1,235,102,102,102,102,922,55,39,71,518,6,518,493,493,23,465,468,446,467,468,446,747,-1,-1,-1,-1,-1,-1,-1,-1,-1,-1,-1,-1,129,425,467,468,446,467,747,232,-1,-1,-1,-1,-1,419,102,233,-1,-1,-1,-1,-1,-1,-1,-1,-1,-1,-1,-1,-1,235,102,441,112,-1,-1,-1,129,-1,-1,-1,-1,-1,-1,-1,-1,-1,-1,-1,-1,-1,425,468,467,367,475,518,1366,1369,1368,493,519,-1,-1,54,465,468,468,446,468,467,747,-1,-1,-1,-1,-1,425,367,475,447,489,417,518
-1,-1,-1,235,102,102,102,102,102,922,55,39,6,71,6,518,489,822,23,492,493,492,6,493,7,747,-1,-1,-1,-1,-1,-1,-1,-1,-1,-1,-1,425,450,492,6,493,492,7,747,-1,-1,-1,-1,-1,444,102,233,-1,-1,-1,-1,-1,-1,-1,-1,-1,-1,-1,-1,-1,235,102,445,747,-1,-1,-1,-1,-1,-1,-1,-1,-1,-1,-1,-1,-1,-1,-1,-1,425,450,492,393,392,518,492,1391,1394,1393,523,544,-1,-1,562,80,492,6,493,492,492,7,747,-1,-1,-1,425,450,392,518,418,518,418,396
-1,-1,-1,235,102,102,102,102,102,102,922,55,39,518,518,489,518,847,6,71,71,493,518,71,23,465,468,467,468,446,467,468,446,468,467,468,467,367,475,493,518,71,493,23,465,468,467,468,446,467,469,102,233,-1,-1,-1,-1,-1,-1,-1,-1,-1,-1,-1,-1,-1,235,102,491,465,468,446,468,467,468,446,468,467,468,446,468,467,468,446,468,467,367,475,493,518,417,489,441,-1,1345,-1,-1,-1,-1,-1,444,518,51,518,71,6,493,23,465,467,468,467,367,475,417,489,417,518,600,695
-1,-1,-1,284,185,102,102,102,102,102,102,922,55,514,489,448,518,489,6,518,6,1,70,6,822,23,492,492,6,493,492,6,493,492,492,493,393,392,518,1,48,6,1,822,23,492,492,6,493,492,494,102,233,-1,-1,-1,-1,-1,-1,-1,-1,-1,-1,-1,-1,-1,235,102,54,80,6,493,492,492,6,493,492,492,6,493,492,492,493,492,492,23,392,518,518,0,2,518,518,299,1345,-1,296,467,467,468,489,0,518,48,6,489,1,69,80,492,492,493,392,518,418,518,418,600,102,102
-1,-1,-1,-1,284,211,185,102,102,102,102,102,922,55,514,518,518,897,518,518,71,1,6,518,847,518,6,493,518,71,493,518,71,6,493,518,475,417,489,518,33,518,518,847,1,489,493,518,71,493,498,102,233,-1,-1,-1,-1,-1,-1,-1,-1,-1,-1,-1,-1,-1,235,102,54,518,518,71,6,493,518,71,6,493,518,71,6,493,518,1,518,48,417,489,447,518,417,518,67,64,1345,66,321,493,70,71,897,518,50,33,518,33,518,69,518,500,475,518,417,489,417,518,600,102,102,102
-1,-1,-1,-1,-1,-1,284,185,102,102,102,102,102,922,396,542,543,399,55,68,71,1,489,1,489,6,518,1,48,6,1,48,6,489,1,6,500,418,518,1,489,1,1,489,52,51,1,48,6,1,498,183,186,-1,-1,-1,-1,-1,-1,-1,-1,-1,-1,-1,-1,-1,235,102,54,6,48,6,489,1,6,6,489,1,48,6,489,1,6,6,1,1,2,518,518,52,49,600,399,80,1370,82,518,518,1,518,68,55,0,489,1,489,1,69,32,518,500,492,418,518,448,600,695,102,102,183
-1,-1,-1,-1,-1,-1,-1,284,185,102,102,102,102,102,102,102,102,695,922,38,518,518,517,518,897,518,518,518,33,518,518,33,518,33,6,71,575,417,518,518,517,518,518,897,518,518,518,33,518,518,498,233,-1,-1,-1,-1,-1,-1,-1,-1,-1,-1,-1,-1,-1,-1,235,102,516,518,33,518,33,6,71,6,33,518,33,518,33,6,71,6,489,48,53,518,52,49,600,1499,102,540,1474,523,542,543,523,539,396,17,38,517,518,517,518,69,39,500,518,518,417,518,600,102,102,102,183,186
-1,-1,-1,-1,-1,-1,-1,-1,284,211,185,102,102,1548,102,102,102,102,102,541,543,543,542,543,399,55,489,1,489,1,1,489,1,489,1,489,514,418,396,543,542,543,543,399,55,6,1,489,1,1,498,233,-1,-1,-1,-1,-1,-1,-1,-1,-1,-1,-1,-1,-1,-1,235,102,541,514,489,1,489,1,489,1,489,1,489,1,489,1,489,1,518,50,69,396,523,544,102,102,102,1398,1345,102,102,102,1498,102,1523,1524,541,542,543,542,543,17,55,345,489,447,418,600,102,102,102,183,186,-1
-1,-1,-1,-1,-1,-1,-1,-1,-1,-1,284,185,102,102,102,102,102,1499,102,102,102,102,102,102,102,922,38,518,517,518,518,517,518,517,518,517,517,600,695,102,102,102,102,1548,922,38,518,517,518,518,519,233,-1,-1,-1,-1,-1,-1,-1,-1,-1,-1,-1,-1,-1,-1,235,102,695,922,517,518,517,518,517,518,517,518,517,518,517,518,517,518,48,2,600,695,102,102,102,102,102,102,1345,102,102,102,102,102,102,102,102,1499,102,102,1499,102,922,38,518,49,600,102,102,183,211,186,-1,-1
-1,-1,-1,-1,-1,-1,-1,-1,-1,-1,-1,284,185,102,102,102,102,102,102,102,102,102,102,102,102,102,541,543,542,543,543,542,543,542,543,542,600,102,102,102,102,102,102,102,102,541,543,542,543,543,544,233,-1,-1,-1,-1,-1,-1,-1,-1,-1,-1,-1,-1,-1,-1,284,185,102,102,542,543,542,543,542,543,542,543,542,543,542,543,542,543,399,600,102,102,102,102,102,102,102,102,1345,102,102,102,102,102,102,102,102,102,242,102,102,102,102,541,523,544,102,102,183,186,-1,-1,-1,-1
-1,-1,-1,-1,-1,-1,-1,-1,-1,-1,-1,-1,284,184,211,184,211,184,185,102,102,102,102,102,102,102,102,102,102,102,102,102,102,102,102,102,102,102,102,102,102,102,102,102,102,102,102,102,102,102,183,186,-1,-1,-1,-1,-1,-1,-1,-1,-1,-1,-1,-1,-1,-1,-1,284,185,102,102,102,102,102,102,102,102,102,102,102,102,102,102,1548,102,102,102,102,102,102,102,102,183,709,709,211,184,211,184,211,184,185,102,102,-1,102,102,102,102,102,102,102,102,183,186,-1,-1,-1,-1,-1
-1,-1,-1,-1,-1,-1,-1,-1,-1,-1,-1,-1,-1,-1,209,209,209,-1,284,184,211,184,211,184,184,211,184,211,184,211,184,211,184,211,184,184,211,184,211,184,184,211,184,211,184,211,184,211,184,211,186,-1,-1,-1,-1,-1,-1,-1,-1,-1,-1,-1,-1,-1,-1,-1,-1,-1,284,211,184,211,184,211,184,211,184,184,211,184,211,184,211,184,211,211,184,211,184,184,211,184,186,-1,-1,209,209,209,209,209,-1,284,184,211,184,211,184,184,211,184,211,184,184,186,-1,-1,-1,-1,-1,-1
-1,-1,-1,-1,-1,-1,-1,-1,-1,-1,-1,-1,-1,-1,-1,-1,-1,-1,-1,-1,-1,-1,-1,-1,-1,-1,-1,-1,-1,-1,-1,-1,-1,-1,-1,-1,-1,-1,-1,-1,-1,-1,-1,-1,-1,-1,-1,-1,-1,-1,-1,-1,-1,-1,-1,-1,-1,-1,-1,-1,-1,-1,-1,-1,-1,-1,-1,-1,-1,-1,-1,-1,-1,-1,-1,-1,-1,-1,-1,-1,-1,-1,-1,-1,-1,-1,-1,-1,-1,-1,-1,-1,-1,-1,-1,-1,-1,-1,-1,-1,-1,-1,-1,-1,-1,-1,-1,-1,-1,-1,-1,-1,-1,-1,-1,-1,-1,-1,-1,-1
-1,-1,-1,-1,-1,-1,-1,-1,-1,-1,-1,-1,-1,-1,-1,-1,-1,-1,-1,-1,-1,-1,-1,-1,-1,-1,-1,-1,-1,-1,-1,-1,-1,-1,-1,-1,-1,-1,-1,-1,-1,-1,-1,-1,-1,-1,-1,-1,-1,-1,-1,-1,-1,-1,-1,-1,-1,-1,-1,-1,-1,-1,-1,-1,-1,-1,-1,-1,-1,-1,-1,-1,-1,-1,-1,-1,-1,-1,-1,-1,-1,-1,-1,-1,-1,-1,-1,-1,-1,-1,-1,-1,-1,-1,-1,-1,-1,-1,-1,-1,-1,-1,-1,-1,-1,-1,-1,-1,-1,-1,-1,-1,-1,-1,-1,-1,-1,-1,-1,-1
-1,-1,-1,-1,-1,-1,-1,-1,-1,-1,-1,-1,-1,-1,-1,-1,-1,-1,-1,-1,-1,-1,-1,-1,-1,-1,-1,-1,-1,-1,-1,-1,-1,-1,-1,-1,-1,-1,-1,-1,-1,-1,-1,-1,-1,-1,-1,-1,-1,-1,-1,-1,-1,-1,-1,-1,-1,-1,-1,-1,-1,-1,-1,-1,-1,-1,-1,-1,-1,-1,-1,-1,-1,-1,-1,-1,-1,-1,-1,-1,-1,-1,-1,-1,-1,-1,-1,-1,-1,-1,-1,-1,-1,-1,-1,-1,-1,-1,-1,-1,-1,-1,-1,-1,-1,-1,-1,-1,-1,-1,-1,-1,-1,-1,-1,-1,-1,-1,-1,-1
-1,-1,-1,-1,-1,-1,-1,-1,-1,-1,-1,-1,-1,-1,-1,-1,-1,-1,-1,-1,-1,-1,-1,-1,-1,-1,-1,-1,-1,-1,-1,-1,-1,-1,-1,-1,-1,-1,-1,-1,-1,-1,-1,-1,-1,-1,-1,-1,-1,-1,-1,-1,-1,-1,-1,-1,-1,-1,-1,-1,-1,-1,-1,-1,-1,-1,-1,-1,-1,-1,-1,-1,-1,-1,-1,-1,-1,-1,-1,-1,-1,-1,-1,-1,-1,-1,-1,-1,-1,-1,-1,-1,-1,-1,-1,-1,-1,-1,-1,-1,-1,-1,-1,-1,-1,-1,-1,-1,-1,-1,-1,-1,-1,-1,-1,-1,-1,-1,-1,-1
-1,-1,-1,-1,-1,-1,-1,-1,-1,-1,-1,-1,-1,-1,-1,-1,-1,-1,-1,-1,-1,-1,-1,-1,-1,-1,-1,-1,-1,-1,-1,-1,-1,-1,-1,-1,-1,-1,-1,-1,-1,-1,-1,-1,-1,-1,-1,-1,-1,-1,-1,-1,-1,-1,-1,-1,-1,-1,-1,-1,-1,-1,-1,-1,-1,-1,-1,-1,-1,-1,-1,-1,-1,-1,-1,-1,-1,-1,-1,-1,-1,-1,-1,-1,-1,-1,-1,-1,-1,-1,-1,-1,-1,-1,-1,-1,-1,-1,-1,-1,-1,-1,-1,-1,-1,-1,-1,-1,-1,-1,-1,-1,-1,-1,-1,-1,-1,-1,-1,-1
-1,-1,-1,-1,-1,-1,-1,-1,-1,-1,-1,-1,-1,-1,-1,-1,-1,-1,-1,-1,-1,-1,-1,-1,-1,-1,-1,-1,-1,-1,-1,-1,-1,-1,-1,-1,-1,-1,-1,-1,-1,-1,-1,-1,-1,-1,-1,-1,-1,-1,-1,-1,-1,-1,-1,-1,-1,-1,-1,-1,-1,-1,-1,-1,-1,-1,-1,-1,-1,-1,-1,-1,-1,-1,-1,-1,-1,-1,-1,-1,-1,-1,-1,-1,-1,-1,-1,-1,-1,-1,-1,-1,-1,-1,-1,-1,-1,-1,-1,-1,-1,-1,-1,-1,-1,-1,-1,-1,-1,-1,-1,-1,-1,-1,-1,-1,-1,-1,-1,-1
-1,-1,-1,-1,-1,-1,-1,-1,-1,-1,-1,-1,-1,-1,-1,-1,-1,-1,-1,-1,-1,-1,-1,-1,-1,-1,-1,-1,-1,-1,-1,-1,-1,-1,-1,-1,-1,-1,-1,-1,-1,-1,-1,-1,-1,-1,-1,-1,-1,-1,-1,-1,-1,-1,-1,-1,-1,-1,-1,-1,-1,-1,-1,-1,-1,-1,-1,-1,-1,-1,-1,-1,-1,-1,-1,-1,-1,-1,-1,-1,-1,-1,-1,-1,-1,-1,-1,-1,-1,-1,-1,-1,-1,-1,-1,-1,-1,-1,-1,-1,-1,-1,-1,-1,-1,-1,-1,-1,-1,-1,-1,-1,-1,-1,-1,-1,-1,-1,-1,-1
-1,-1,-1,-1,-1,-1,-1,-1,-1,-1,-1,-1,-1,-1,-1,-1,-1,-1,-1,-1,-1,-1,-1,-1,-1,-1,-1,-1,-1,-1,-1,-1,-1,-1,-1,-1,-1,-1,-1,-1,-1,-1,-1,-1,-1,-1,-1,-1,-1,-1,-1,-1,-1,-1,-1,-1,-1,-1,-1,-1,-1,-1,-1,-1,-1,-1,-1,-1,-1,-1,-1,-1,-1,-1,-1,-1,-1,-1,-1,-1,-1,-1,-1,-1,-1,-1,-1,-1,-1,-1,-1,-1,-1,-1,-1,-1,-1,-1,-1,-1,-1,-1,-1,-1,-1,-1,-1,-1,-1,-1,-1,-1,-1,-1,-1,-1,-1,-1,-1,-1
-1,-1,-1,-1,-1,-1,-1,-1,-1,-1,-1,-1,-1,-1,-1,-1,-1,-1,-1,-1,-1,-1,-1,-1,-1,-1,-1,-1,-1,-1,-1,-1,-1,-1,-1,-1,-1,-1,-1,-1,-1,-1,-1,-1,-1,-1,-1,-1,-1,-1,-1,-1,-1,-1,-1,-1,-1,-1,-1,-1,-1,-1,-1,-1,-1,-1,-1,-1,-1,-1,-1,-1,-1,-1,-1,-1,-1,-1,-1,-1,-1,-1,-1,-1,-1,-1,-1,-1,-1,-1,-1,-1,-1,-1,-1,-1,-1,-1,-1,-1,-1,-1,-1,-1,-1,-1,-1,-1,-1,-1,-1,-1,-1,-1,-1,-1,-1,-1,-1,-1
-1,-1,-1,-1,-1,-1,-1,-1,-1,-1,-1,-1,-1,-1,-1,-1,-1,-1,-1,-1,-1,-1,-1,-1,-1,-1,-1,-1,-1,-1,-1,-1,-1,-1,-1,-1,-1,-1,-1,-1,-1,-1,-1,-1,-1,-1,-1,-1,-1,-1,-1,-1,-1,-1,-1,-1,-1,-1,-1,-1,-1,-1,-1,-1,-1,-1,-1,-1,-1,-1,-1,-1,-1,-1,-1,-1,-1,-1,-1,-1,-1,-1,-1,-1,-1,-1,-1,-1,-1,-1,-1,-1,-1,-1,-1,-1,-1,-1,-1,-1,-1,-1,-1,-1,-1,-1,-1,-1,-1,-1,-1,-1,-1,-1,-1,-1,-1,-1,-1,-1
