446,468,469,319,320,492,493,492,494,-1,-1,491,493,492,493,492,493,447,493,7,468,470,102,136,102,102,102,444,493,492,320,492,320,441,102,102,102,102,102,444,143,144,38,39,40,168,169,143,144,129,104,168,169,38,39,40,157,158,129,38,39,40,104,118,119,102,143,144,-1,294,295,467,468,446,468,467,468,446,468,467,468,290,291,118,119,102,-1,-1,-1,-1,102,394,38,39,40,102,102,342,368,469,-1,-1,1673,416,102,102,257,102,102,111,304,136,102,63,64,65,-1,304,102,257,102,136,136,38,39,40,102,161,-1,304,102,111,136,307,102
492,493,494,344,493,447,492,518,498,-1,-1,54,6,23,492,493,492,493,492,493,492,7,468,467,468,467,468,469,518,448,345,448,345,466,468,467,468,468,467,469,168,169,63,64,65,232,102,168,169,102,129,307,232,63,64,65,307,102,257,63,64,65,129,143,144,102,168,169,-1,319,320,447,493,492,493,492,493,492,493,492,447,315,316,143,144,102,136,-1,-1,-1,102,419,63,64,65,342,368,367,393,494,-1,-1,-1,391,102,102,102,102,102,136,102,307,102,102,102,102,136,102,102,102,102,102,102,63,64,65,102,257,136,102,102,136,13,14,15
517,518,519,319,320,492,493,518,498,-1,-1,54,493,492,493,492,493,492,493,447,493,492,493,492,493,492,493,494,543,542,370,542,370,491,493,492,493,493,492,494,294,295,467,468,446,468,1742,1743,1744,1745,467,468,467,468,467,446,468,467,468,446,468,464,440,168,169,102,102,102,102,344,345,517,518,517,518,517,518,517,518,517,518,340,441,168,169,102,102,102,-1,-1,102,444,102,342,368,367,393,392,418,519,-1,-1,-1,416,136,102,102,102,102,102,102,342,368,467,468,467,468,446,468,467,468,446,468,467,468,467,468,446,468,470,102,102,38,39,40
542,543,544,344,448,517,518,518,519,-1,-1,516,518,448,518,517,518,517,518,517,518,517,518,517,518,517,518,519,268,-1,-1,143,144,516,518,517,518,518,518,519,319,320,447,493,492,493,1767,1768,1769,1770,492,447,492,483,-1,485,493,492,493,492,493,489,465,464,440,102,307,102,-1,369,370,542,543,542,543,542,543,542,543,542,543,365,466,290,291,-1,102,102,-1,294,295,469,294,367,393,392,418,417,443,544,-1,-1,-1,391,102,102,102,102,102,342,368,321,492,489,493,447,492,493,492,492,493,489,492,489,493,447,492,493,492,493,470,102,63,64,65
-1,-1,129,369,370,542,543,523,544,-1,-1,541,523,542,543,542,543,542,543,542,543,542,543,542,543,542,543,544,214,-1,216,168,169,541,543,542,543,543,543,544,344,345,517,518,448,518,1792,1793,1794,1795,517,518,518,508,-1,510,518,448,518,517,518,514,490,489,465,464,440,102,-1,444,113,114,-1,-1,-1,-1,-1,-1,-1,-1,268,102,491,315,316,-1,102,102,136,319,320,494,319,392,418,417,443,442,-1,1674,-1,-1,-1,416,307,102,304,-1,294,321,447,492,493,492,489,492,493,492,493,492,447,492,493,492,489,492,493,492,493,447,492,291,102,-1,-1
257,102,257,394,-1,-1,-1,-1,435,-1,-1,-1,-1,-1,-1,-1,-1,-1,-1,-1,-1,-1,-1,-1,-1,-1,-1,268,214,215,216,-1,-1,-1,-1,-1,-1,-1,-1,-1,444,396,542,543,542,543,1817,-1,-1,1820,542,543,543,533,-1,535,543,542,543,542,543,539,515,514,490,489,465,446,468,469,113,114,136,-1,-1,-1,-1,-1,-1,-1,102,102,516,340,341,-1,102,102,102,344,518,519,344,417,443,442,-1,-1,1697,-1,-1,-1,437,391,102,102,102,136,369,517,518,517,71,70,448,6,518,517,518,6,518,517,6,517,448,517,518,517,518,518,517,366,102,-1,-1
-1,307,102,419,232,-1,-1,-1,-1,-1,-1,-1,-1,-1,-1,194,195,196,-1,-1,-1,-1,-1,-1,-1,-1,-1,-1,239,-1,241,-1,-1,-1,-1,-1,294,295,468,467,469,-1,-1,-1,-1,-1,758,-1,-1,760,-1,-1,-1,-1,-1,-1,-1,-1,-1,-1,-1,-1,540,539,515,514,490,492,493,494,102,257,102,1083,1084,1085,1086,1087,1088,1089,113,114,541,539,366,-1,102,102,102,369,523,544,369,442,-1,-1,1698,-1,-1,-1,-1,-1,391,416,102,102,102,102,394,517,518,50,518,67,518,6,518,517,518,6,518,50,71,517,71,517,518,517,518,518,49,391,102,304,-1
-1,102,102,444,-1,-1,-1,-1,-1,-1,-1,-1,-1,-1,-1,210,211,212,-1,-1,-1,-1,-1,-1,-1,-1,-1,-1,264,-1,266,-1,-1,-1,-1,-1,319,320,493,492,494,-1,-1,-1,-1,-1,779,780,780,782,-1,-1,-1,-1,-1,-1,-1,-1,-1,-1,-1,-1,-1,-1,540,539,515,517,518,519,307,-1,307,1108,1109,1110,1111,1112,1113,1114,102,257,-1,-1,416,136,102,102,102,394,102,102,444,-1,-1,1698,1674,1699,-1,-1,1697,1698,-1,-1,102,102,102,102,419,517,518,67,518,51,518,1,518,448,518,1,518,48,518,517,217,514,518,448,518,518,48,416,257,102,136
468,467,468,469,-1,-1,-1,-1,-1,-1,-1,-1,-1,-1,-1,-1,-1,-1,-1,-1,-1,-1,-1,-1,-1,-1,-1,-1,-1,-1,-1,-1,-1,-1,-1,-1,344,345,518,518,519,-1,-1,-1,-1,-1,758,-1,-1,760,-1,-1,-1,-1,-1,-1,-1,-1,-1,-1,-1,-1,-1,-1,-1,-1,540,542,543,544,383,384,385,1133,1134,1135,1136,1137,1138,1139,383,384,385,385,441,102,102,102,102,444,294,295,469,1673,-1,-1,1698,-1,-1,-1,1722,-1,136,-1,102,102,102,102,394,514,518,448,518,1,518,517,518,50,518,1,518,448,518,508,605,510,518,514,518,518,448,391,-1,304,-1
447,492,493,494,-1,-1,-1,-1,-1,-1,-1,-1,-1,-1,-1,-1,-1,-1,-1,-1,-1,-1,-1,-1,-1,-1,-1,-1,-1,242,-1,268,-1,-1,-1,-1,369,370,543,543,544,-1,-1,-1,-1,708,584,-1,-1,760,-1,708,709,609,709,609,709,710,-1,-1,143,144,-1,-1,-1,-1,-1,-1,-1,-1,-1,-1,-1,1158,1159,-1,-1,-1,1163,1164,-1,-1,-1,307,466,467,468,467,468,469,319,320,494,-1,1698,-1,-1,-1,-1,-1,-1,441,102,102,102,102,102,307,394,370,543,542,543,542,543,542,543,542,543,542,543,542,543,533,459,535,543,542,543,543,542,416,-1,-1,304
518,448,518,519,-1,-1,-1,-1,-1,-1,-1,-1,-1,-1,-1,-1,-1,-1,-1,-1,-1,-1,-1,-1,-1,-1,-1,-1,268,-1,-1,-1,-1,-1,-1,-1,394,-1,-1,-1,-1,-1,-1,-1,708,584,-1,-1,1318,559,709,584,734,734,734,734,1293,735,-1,-1,168,169,-1,-1,-1,-1,-1,-1,-1,-1,-1,-1,-1,-1,-1,-1,-1,-1,-1,-1,-1,-1,-1,-1,491,492,493,492,493,494,344,345,519,-1,-1,-1,-1,1698,-1,-1,437,445,468,446,468,291,102,102,419,-1,1674,849,1673,1674,-1,1674,1673,923,924,1674,1520,1521,537,268,578,537,1674,1205,537,1520,1521,391,-1,-1,102
543,542,543,544,-1,-1,-1,-1,-1,-1,-1,-1,-1,-1,-1,-1,-1,-1,-1,-1,-1,-1,-1,-1,439,-1,-1,-1,-1,-1,-1,-1,-1,-1,-1,-1,394,-1,-1,-1,-1,-1,-1,708,584,-1,-1,-1,-1,-1,734,-1,-1,-1,-1,1318,-1,604,710,-1,-1,-1,-1,-1,-1,-1,-1,-1,-1,-1,-1,-1,-1,-1,-1,-1,-1,-1,-1,-1,-1,-1,-1,-1,516,517,518,517,518,519,369,370,544,1674,-1,-1,1698,1697,-1,-1,391,491,492,493,492,492,102,102,444,-1,873,874,-1,-1,1673,-1,-1,-1,1674,-1,-1,-1,1522,-1,958,1080,1081,-1,1522,1674,1673,416,-1,-1,161
-1,-1,-1,-1,-1,-1,-1,-1,-1,-1,-1,-1,-1,-1,-1,-1,-1,-1,-1,-1,-1,-1,-1,-1,391,-1,-1,-1,-1,-1,-1,-1,-1,-1,-1,-1,419,-1,-1,-1,-1,-1,-1,733,628,-1,-1,-1,-1,-1,-1,-1,-1,-1,-1,-1,-1,629,559,710,-1,-1,-1,-1,-1,-1,-1,-1,-1,-1,-1,-1,-1,-1,-1,-1,-1,-1,-1,-1,-1,-1,-1,-1,541,542,543,542,543,544,419,-1,-1,1698,-1,-1,-1,1674,-1,-1,416,497,493,1,493,0,468,467,469,-1,-1,-1,-1,-1,-1,-1,-1,-1,-1,-1,-1,-1,-1,-1,-1,-1,-1,-1,1673,-1,-1,391,-1,-1,102
-1,-1,-1,-1,-1,-1,-1,-1,-1,-1,-1,-1,-1,-1,-1,-1,-1,-1,-1,-1,-1,-1,-1,-1,416,-1,-1,-1,-1,-1,-1,-1,-1,-1,-1,-1,394,-1,-1,-1,-1,-1,-1,758,-1,-1,-1,-1,-1,-1,-1,-1,-1,-1,-1,-1,-1,759,629,559,709,609,710,-1,-1,-1,-1,-1,-1,-1,-1,-1,-1,-1,-1,-1,-1,-1,-1,-1,-1,-1,-1,-1,-1,-1,-1,-1,-1,-1,394,-1,-1,-1,-1,-1,-1,1698,-1,-1,391,54,518,-1,6,39,492,492,494,1673,-1,-1,-1,-1,-1,-1,-1,-1,-1,-1,-1,-1,-1,-1,-1,-1,-1,-1,-1,873,874,416,136,-1,-1
-1,-1,-1,-1,-1,-1,439,-1,-1,-1,-1,-1,-1,-1,-1,-1,-1,-1,-1,-1,-1,-1,-1,-1,441,-1,-1,-1,-1,-1,-1,-1,-1,-1,-1,-1,419,-1,-1,-1,-1,-1,-1,758,-1,-1,-1,-1,-1,-1,-1,-1,-1,-1,-1,-1,-1,759,759,629,1318,1293,735,-1,-1,-1,-1,-1,-1,-1,-1,-1,-1,-1,-1,-1,-1,-1,-1,-1,-1,-1,-1,-1,-1,-1,-1,-1,-1,-1,419,-1,-1,-1,1698,-1,-1,-1,-1,-1,416,54,68,-1,6,0,493,0,498,923,924,-1,-1,-1,-1,-1,-1,-1,-1,-1,-1,-1,-1,-1,-1,-1,-1,-1,-1,-1,1674,391,-1,-1,-1
326,327,394,-1,-1,-1,441,-1,-1,-1,-1,-1,-1,-1,-1,-1,-1,-1,-1,-1,-1,-1,-1,-1,466,464,440,-1,-1,342,368,467,464,440,-1,-1,444,-1,-1,-1,-1,-1,-1,758,-1,-1,-1,-1,-1,-1,-1,-1,759,759,759,759,1293,759,759,759,759,-1,604,609,709,609,609,709,609,709,609,709,609,709,709,609,709,710,-1,-1,-1,-1,-1,-1,-1,-1,-1,-1,-1,-1,394,1698,-1,-1,-1,-1,-1,-1,-1,1697,391,54,1658,-1,1660,39,6,39,498,1673,-1,-1,-1,-1,-1,-1,-1,-1,-1,-1,-1,-1,-1,-1,-1,-1,-1,-1,-1,-1,-1,416,-1,-1,-1
351,352,419,-1,-1,-1,466,467,468,467,468,467,468,446,468,290,468,468,446,468,290,291,-1,-1,491,489,465,467,467,367,393,492,489,465,467,468,469,-1,-1,-1,-1,-1,-1,783,1318,-1,-1,-1,-1,-1,-1,-1,759,759,759,784,784,784,784,759,759,759,629,734,734,734,734,734,734,734,734,734,734,734,734,734,1293,735,-1,-1,-1,-1,-1,-1,-1,-1,-1,-1,-1,-1,419,1674,-1,-1,1697,-1,-1,-1,-1,-1,416,516,1683,-1,1685,0,6,0,498,-1,-1,-1,-1,-1,-1,-1,-1,-1,-1,-1,-1,-1,-1,-1,-1,-1,-1,-1,-1,-1,-1,391,102,-1,162
351,352,394,-1,-1,-1,491,492,493,492,493,492,493,492,493,315,493,493,492,493,315,316,-1,-1,516,514,490,492,447,392,418,517,514,490,492,493,494,-1,-1,-1,-1,-1,-1,-1,731,1293,-1,-1,-1,-1,-1,-1,759,759,757,-1,-1,-1,-1,756,759,759,-1,759,-1,759,-1,784,784,759,-1,-1,-1,-1,-1,-1,1318,760,-1,-1,-1,-1,-1,-1,-1,-1,-1,-1,-1,-1,444,-1,-1,-1,1698,-1,-1,1698,-1,-1,391,541,1708,-1,1710,523,491,39,498,-1,-1,-1,-1,-1,-1,-1,-1,-1,-1,-1,-1,-1,-1,-1,-1,-1,-1,-1,-1,-1,-1,416,307,136,102
351,307,419,-1,-1,-1,516,517,518,517,518,517,518,517,518,340,518,518,517,518,340,341,-1,-1,541,539,515,517,517,417,443,542,539,515,517,518,519,-1,-1,-1,-1,-1,-1,-1,-1,731,759,759,-1,-1,-1,-1,759,759,760,-1,-1,-1,-1,783,784,-1,759,759,759,759,732,-1,-1,731,-1,-1,-1,-1,-1,-1,-1,604,710,-1,-1,-1,-1,-1,-1,-1,-1,-1,-1,294,469,-1,-1,-1,-1,-1,-1,-1,-1,-1,416,-1,-1,-1,-1,-1,516,0,519,-1,-1,-1,-1,-1,-1,-1,-1,-1,-1,-1,-1,-1,-1,-1,-1,-1,-1,-1,-1,1674,-1,391,161,102,-1
351,352,394,-1,-1,-1,541,762,763,542,543,542,543,542,543,365,543,543,542,543,365,366,-1,-1,-1,-1,540,542,542,442,-1,846,-1,540,542,543,544,-1,-1,-1,-1,-1,-1,-1,-1,-1,731,-1,-1,-1,-1,-1,759,759,604,710,-1,-1,-1,-1,-1,756,1293,759,759,757,-1,-1,-1,-1,756,-1,-1,-1,-1,-1,-1,629,559,710,-1,-1,-1,-1,-1,-1,-1,-1,-1,419,494,1698,-1,-1,-1,-1,-1,-1,-1,-1,441,-1,-1,-1,-1,-1,541,523,544,-1,-1,-1,-1,-1,-1,-1,-1,-1,-1,-1,-1,-1,-1,-1,-1,-1,-1,-1,-1,-1,1673,416,102,-1,-1
351,352,419,-1,-1,-1,786,787,788,-1,-1,-1,-1,-1,-1,1566,136,-1,-1,136,-1,391,-1,-1,-1,-1,-1,-1,-1,-1,-1,-1,-1,-1,-1,-1,-1,-1,-1,-1,-1,-1,-1,-1,-1,-1,-1,731,-1,-1,-1,-1,759,759,629,735,-1,-1,-1,-1,-1,758,-1,759,-1,760,-1,-1,-1,-1,758,-1,-1,-1,-1,-1,-1,759,-1,559,710,-1,-1,-1,-1,-1,-1,-1,-1,319,519,-1,-1,-1,-1,-1,-1,-1,-1,-1,466,467,468,290,-1,-1,-1,-1,-1,-1,-1,-1,-1,-1,-1,-1,-1,-1,-1,-1,-1,-1,-1,-1,-1,-1,-1,-1,-1,-1,1697,391,102,-1,-1
351,352,394,-1,-1,-1,811,-1,-1,814,-1,-1,-1,-1,-1,1591,1592,1593,1594,1595,1596,416,-1,-1,-1,-1,-1,-1,-1,-1,-1,-1,-1,-1,-1,-1,-1,-1,-1,-1,-1,-1,-1,-1,-1,-1,-1,-1,756,759,759,759,-1,-1,-1,760,-1,-1,-1,-1,-1,779,780,781,780,782,-1,-1,-1,708,603,1293,-1,-1,-1,-1,-1,759,759,-1,735,-1,-1,-1,-1,-1,-1,-1,-1,344,544,-1,1674,1697,-1,-1,-1,-1,-1,-1,491,492,493,315,316,-1,-1,-1,-1,-1,-1,-1,-1,-1,-1,-1,-1,-1,-1,-1,-1,-1,-1,-1,-1,-1,-1,-1,-1,923,924,416,-1,-1,-1
351,352,419,-1,-1,-1,836,-1,-1,839,-1,-1,-1,-1,-1,1616,1617,1618,1619,1620,1621,391,-1,-1,-1,-1,-1,-1,-1,-1,-1,-1,-1,-1,-1,-1,-1,-1,-1,-1,-1,-1,-1,383,384,384,385,-1,758,759,759,759,-1,-1,-1,604,710,-1,-1,-1,-1,758,759,759,759,760,-1,-1,-1,733,1318,-1,-1,-1,-1,-1,-1,759,-1,759,760,-1,-1,-1,-1,-1,-1,-1,-1,369,-1,-1,1698,-1,-1,-1,-1,1674,-1,-1,516,517,518,340,341,-1,-1,-1,-1,-1,-1,-1,-1,-1,-1,-1,-1,-1,-1,-1,-1,-1,-1,-1,-1,-1,-1,-1,-1,-1,-1,416,-1,-1,-1
351,352,394,-1,-1,-1,861,862,-1,864,865,866,867,868,869,1641,1642,1643,1644,1645,1646,441,-1,-1,-1,-1,-1,-1,-1,-1,-1,-1,-1,-1,-1,-1,-1,-1,-1,-1,-1,-1,-1,-1,-1,-1,-1,-1,783,759,759,759,-1,-1,-1,629,735,-1,-1,-1,708,603,759,759,759,604,709,710,-1,758,759,-1,-1,-1,-1,-1,-1,-1,759,-1,760,-1,-1,-1,-1,-1,-1,-1,-1,-1,389,1699,-1,-1,-1,-1,1673,-1,-1,-1,541,542,543,365,366,-1,-1,-1,-1,-1,-1,-1,-1,-1,-1,-1,-1,-1,-1,-1,-1,-1,-1,-1,-1,-1,-1,-1,-1,-1,1674,391,-1,-1,136
307,352,419,-1,-1,-1,886,-1,-1,889,890,891,892,893,894,1666,1667,1668,1669,1670,1671,466,464,440,-1,-1,-1,-1,-1,-1,-1,-1,-1,-1,-1,-1,-1,-1,-1,-1,-1,-1,-1,-1,-1,-1,-1,-1,-1,756,-1,759,-1,-1,-1,759,760,-1,-1,708,584,628,759,759,759,629,1293,735,-1,758,-1,-1,-1,-1,-1,-1,-1,759,759,759,760,-1,-1,-1,-1,-1,-1,-1,-1,-1,419,-1,-1,-1,-1,-1,-1,-1,-1,-1,-1,-1,-1,-1,391,-1,-1,-1,-1,-1,-1,-1,-1,-1,-1,-1,-1,-1,-1,-1,-1,-1,-1,-1,-1,-1,-1,-1,-1,-1,1673,416,-1,-1,102
351,352,394,-1,-1,-1,911,-1,913,914,915,916,917,918,919,1691,1692,1693,1694,1695,1696,491,489,465,468,467,468,446,468,467,468,446,468,467,468,470,-1,-1,-1,-1,-1,-1,-1,-1,-1,-1,-1,-1,-1,758,759,759,-1,-1,-1,759,760,-1,-1,733,628,-1,759,759,759,759,-1,604,709,603,-1,-1,-1,-1,-1,-1,-1,759,759,759,760,-1,-1,-1,-1,-1,-1,-1,-1,1750,1751,1752,1753,1754,1755,-1,-1,1758,1759,1760,1761,1762,1763,1764,1765,1766,-1,-1,-1,-1,-1,-1,-1,-1,-1,-1,-1,-1,-1,-1,-1,-1,-1,-1,-1,-1,-1,-1,-1,-1,-1,391,-1,304,-1
351,352,419,-1,-1,-1,-1,-1,-1,-1,-1,-1,-1,-1,-1,-1,921,-1,-1,-1,-1,516,514,490,447,492,493,492,493,492,493,492,493,492,493,495,496,-1,-1,-1,-1,-1,-1,-1,-1,-1,-1,-1,-1,758,759,759,-1,-1,-1,759,604,809,709,603,759,759,759,759,759,-1,759,629,734,628,-1,-1,-1,-1,-1,-1,-1,759,759,-1,760,-1,-1,-1,-1,-1,-1,-1,-1,-1,-1,-1,-1,-1,1780,-1,-1,1783,-1,-1,-1,-1,-1,-1,-1,-1,-1,-1,-1,-1,-1,-1,-1,-1,-1,-1,-1,-1,-1,-1,-1,-1,-1,-1,-1,-1,-1,-1,-1,873,874,416,136,161,-1
304,307,394,-1,-1,-1,-1,-1,-1,-1,-1,-1,-1,-1,-1,-1,-1,-1,-1,-1,-1,541,539,515,518,517,518,517,518,448,518,517,518,517,518,520,521,522,-1,-1,-1,-1,-1,-1,-1,-1,-1,-1,-1,758,759,759,-1,-1,-1,759,629,834,734,628,759,759,759,759,759,759,759,759,759,759,759,-1,-1,-1,-1,-1,-1,759,-1,759,785,-1,-1,-1,-1,-1,-1,-1,-1,-1,-1,-1,-1,-1,1805,-1,-1,1808,-1,-1,-1,-1,-1,-1,-1,-1,-1,-1,-1,-1,-1,-1,-1,-1,-1,-1,-1,-1,-1,-1,-1,-1,-1,-1,-1,-1,-1,-1,-1,-1,1674,391,257,102,-1
351,352,419,-1,-1,-1,-1,-1,-1,-1,-1,-1,-1,-1,-1,-1,-1,-1,-1,-1,-1,-1,-1,540,543,542,543,542,543,542,543,542,543,542,543,545,546,547,548,-1,-1,-1,-1,-1,-1,-1,-1,-1,-1,783,1293,759,-1,-1,-1,759,-1,834,1293,759,759,759,759,759,759,759,759,759,759,759,759,-1,-1,-1,-1,-1,-1,-1,-1,732,-1,-1,-1,-1,-1,-1,-1,-1,-1,1825,1826,1827,1828,1829,1830,-1,-1,1833,1834,1835,1836,1837,1838,1839,1840,1841,-1,-1,-1,-1,-1,-1,-1,-1,-1,-1,-1,-1,-1,-1,-1,-1,-1,-1,-1,-1,-1,-1,-1,-1,-1,416,102,-1,102
351,352,394,-1,-1,-1,-1,-1,-1,-1,-1,-1,-1,-1,-1,-1,-1,-1,-1,-1,-1,-1,-1,-1,-1,-1,-1,-1,-1,-1,-1,-1,-1,-1,-1,-1,-1,-1,-1,-1,-1,-1,-1,-1,-1,-1,-1,-1,-1,-1,756,1318,-1,-1,-1,759,1293,834,-1,-1,-1,-1,-1,-1,-1,-1,-1,-1,-1,-1,-1,-1,-1,-1,-1,-1,-1,759,757,-1,-1,-1,437,-1,-1,-1,-1,-1,-1,-1,-1,1852,1853,-1,-1,-1,-1,-1,1699,-1,-1,-1,-1,1864,1865,-1,-1,-1,-1,-1,-1,-1,-1,-1,-1,-1,-1,-1,-1,-1,-1,-1,-1,-1,-1,-1,-1,-1,-1,-1,1673,391,-1,-1,-1
351,352,394,-1,-1,-1,-1,-1,-1,-1,-1,-1,-1,-1,-1,-1,-1,-1,-1,-1,-1,-1,-1,-1,-1,-1,-1,-1,-1,-1,-1,-1,-1,-1,-1,-1,-1,-1,-1,-1,-1,-1,-1,-1,-1,-1,-1,-1,-1,-1,758,759,-1,-1,-1,784,784,884,-1,-1,-1,-1,-1,-1,-1,-1,-1,-1,-1,-1,-1,-1,-1,-1,-1,-1,-1,759,760,-1,-1,-1,391,-1,-1,-1,-1,-1,-1,-1,-1,-1,389,-1,-1,-1,-1,-1,1698,1723,-1,-1,1674,-1,391,-1,-1,-1,-1,-1,-1,-1,-1,-1,-1,-1,-1,-1,-1,-1,-1,-1,-1,-1,-1,-1,-1,-1,-1,1674,-1,416,-1,-1,-1
305,352,419,-1,-1,-1,-1,-1,-1,-1,-1,-1,-1,-1,-1,-1,-1,-1,-1,-1,-1,-1,-1,-1,-1,-1,-1,-1,-1,-1,-1,-1,-1,-1,-1,-1,-1,-1,-1,-1,-1,-1,-1,-1,-1,-1,-1,-1,-1,-1,758,-1,-1,-1,732,-1,-1,-1,756,759,759,759,759,759,759,759,759,759,759,759,759,-1,-1,-1,-1,-1,-1,1293,760,-1,-1,-1,416,-1,-1,-1,-1,-1,-1,-1,-1,-1,-1,1863,1863,1861,-1,-1,1862,1863,1863,1863,1863,1863,416,-1,-1,-1,-1,-1,-1,-1,-1,-1,-1,-1,-1,-1,-1,-1,-1,-1,-1,-1,-1,-1,-1,-1,-1,-1,-1,391,-1,-1,-1
304,352,394,-1,-1,-1,-1,-1,-1,-1,-1,-1,-1,-1,-1,-1,-1,-1,-1,-1,-1,-1,-1,-1,-1,-1,-1,-1,-1,-1,-1,-1,-1,-1,-1,-1,-1,-1,-1,-1,-1,-1,-1,-1,-1,-1,-1,-1,-1,-1,758,-1,-1,757,-1,-1,-1,-1,758,759,759,759,759,759,759,759,1293,759,759,759,-1,-1,-1,-1,-1,-1,-1,759,604,710,-1,-1,441,-1,-1,-1,-1,-1,-1,-1,-1,-1,-1,232,1863,1861,-1,-1,1862,1863,1863,1863,1863,1863,391,-1,-1,-1,-1,-1,-1,-1,-1,-1,-1,-1,-1,-1,-1,-1,-1,-1,-1,-1,-1,-1,-1,-1,-1,-1,-1,416,102,-1,102
305,129,419,-1,-1,-1,-1,-1,-1,-1,-1,-1,-1,-1,-1,-1,-1,-1,-1,-1,-1,-1,-1,-1,-1,-1,-1,-1,-1,-1,-1,-1,-1,-1,-1,-1,-1,-1,-1,-1,-1,-1,-1,-1,-1,-1,-1,-1,-1,-1,783,784,784,785,-1,-1,-1,-1,758,-1,759,759,759,759,759,759,759,759,759,1293,759,-1,-1,-1,-1,-1,-1,759,629,735,-1,-1,466,467,468,290,291,-1,-1,-1,-1,-1,-1,-1,419,1861,-1,-1,1862,1863,1863,1863,1863,1863,416,-1,-1,-1,-1,-1,-1,-1,-1,-1,-1,-1,-1,-1,-1,-1,-1,-1,-1,-1,-1,-1,-1,-1,-1,-1,1674,391,102,136,161
376,377,444,-1,-1,-1,-1,-1,-1,-1,-1,-1,-1,-1,-1,-1,-1,-1,-1,-1,-1,-1,-1,-1,-1,-1,-1,-1,-1,-1,-1,-1,-1,-1,-1,-1,-1,-1,-1,-1,-1,-1,-1,-1,-1,-1,-1,-1,-1,-1,-1,-1,-1,-1,-1,-1,-1,-1,783,1293,759,759,759,759,759,759,759,1318,759,759,759,-1,-1,-1,-1,-1,-1,-1,-1,760,-1,-1,491,492,493,315,316,-1,-1,-1,-1,-1,-1,-1,419,-1,-1,1698,-1,-1,-1,-1,-1,-1,391,-1,-1,-1,-1,-1,-1,-1,-1,-1,-1,-1,-1,-1,-1,-1,-1,-1,-1,-1,-1,-1,-1,-1,-1,1674,-1,416,102,102,102
467,468,469,-1,-1,-1,-1,-1,-1,-1,-1,-1,-1,-1,-1,-1,-1,-1,-1,-1,-1,-1,295,446,290,440,232,-1,-1,-1,-1,-1,-1,-1,-1,-1,-1,-1,-1,-1,-1,-1,-1,-1,-1,-1,-1,-1,-1,-1,-1,-1,-1,-1,-1,-1,-1,-1,-1,756,759,759,759,759,759,759,759,759,759,759,759,-1,-1,-1,-1,-1,-1,759,-1,604,710,-1,516,518,518,340,341,-1,-1,-1,-1,-1,-1,-1,444,-1,1674,-1,-1,1698,-1,-1,-1,-1,441,-1,-1,-1,-1,-1,-1,-1,-1,-1,-1,-1,-1,-1,-1,-1,-1,-1,-1,-1,-1,-1,-1,-1,-1,923,924,175,102,102,102
492,493,494,-1,-1,-1,-1,-1,-1,-1,-1,-1,-1,-1,-1,-1,-1,-1,-1,-1,232,444,447,492,315,465,467,464,440,-1,-1,-1,-1,-1,-1,-1,-1,-1,-1,-1,-1,-1,-1,-1,-1,-1,-1,-1,-1,-1,-1,-1,-1,-1,-1,-1,-1,-1,-1,783,784,1318,1293,759,759,759,759,759,759,759,759,-1,-1,-1,-1,-1,-1,759,1318,629,735,-1,541,523,542,365,366,-1,-1,-1,-1,-1,342,368,469,1698,-1,-1,-1,-1,-1,-1,1674,-1,466,464,440,-1,-1,-1,-1,-1,-1,-1,-1,-1,-1,-1,-1,-1,-1,-1,-1,-1,-1,-1,-1,-1,-1,-1,-1,325,-1,-1,-1
517,518,519,-1,-1,-1,-1,-1,-1,-1,-1,-1,-1,-1,-1,-1,-1,-1,-1,295,467,517,518,517,518,490,320,489,465,468,467,468,290,-1,-1,-1,-1,-1,-1,-1,-1,-1,-1,-1,-1,-1,-1,-1,-1,-1,-1,-1,-1,-1,-1,-1,-1,-1,-1,-1,-1,756,-1,759,-1,759,759,759,759,-1,759,-1,-1,-1,-1,-1,-1,759,759,1293,604,709,609,709,709,710,441,-1,-1,-1,342,368,367,393,494,-1,-1,-1,-1,-1,-1,-1,-1,-1,491,489,465,464,440,-1,-1,416,175,175,175,175,175,175,175,175,175,175,175,175,175,175,175,175,175,175,175,350,-1,-1,-1
542,543,544,383,384,384,384,384,434,384,383,384,385,386,-1,-1,-1,-1,319,320,492,520,492,517,518,489,345,489,489,493,315,492,315,316,383,384,384,383,384,384,384,383,384,383,384,384,384,385,384,384,383,385,384,384,384,383,384,384,384,385,385,758,759,759,759,759,759,759,759,759,759,-1,-1,-1,-1,-1,-1,759,-1,759,629,734,734,1293,734,735,466,467,468,467,367,393,392,418,519,-1,-1,-1,-1,1673,-1,-1,-1,-1,516,514,490,489,465,464,440,391,102,102,102,102,102,102,102,102,102,102,102,102,102,102,102,102,102,102,102,102,102,102,102
-1,380,156,351,351,351,351,326,326,326,326,326,326,411,-1,-1,-1,232,344,345,517,518,345,448,518,514,517,518,514,518,492,518,340,441,375,376,376,63,64,65,376,376,376,376,376,376,63,64,65,102,376,376,376,376,376,376,376,403,352,-1,-1,758,1293,759,759,759,759,759,759,-1,759,-1,-1,-1,-1,-1,-1,759,759,759,759,759,759,-1,759,760,491,492,493,492,392,418,417,443,544,-1,-1,-1,-1,-1,1698,1674,-1,-1,541,539,515,514,490,489,465,416,102,102,102,102,102,102,102,102,102,102,102,102,102,102,102,102,102,102,102,102,102,136,102
355,380,380,329,355,355,351,351,351,351,351,305,304,436,-1,-1,-1,232,369,370,542,514,515,517,518,514,517,518,514,518,346,518,518,466,467,468,467,468,467,468,467,468,467,468,467,468,467,468,467,468,467,468,467,468,467,290,291,350,352,-1,-1,783,759,-1,759,759,759,759,759,759,759,-1,-1,-1,-1,-1,-1,759,759,-1,759,759,759,759,759,735,516,517,518,517,417,443,442,-1,-1,-1,1698,-1,-1,-1,-1,-1,-1,-1,-1,-1,540,539,515,514,490,316,102,102,102,102,102,102,102,102,102,102,102,102,102,102,102,102,102,102,102,102,102,102,102
